t,pair,qty,price,liquidity
2025-05-25 11:00:00+00:00,BTC/USD,0.1344471103189796,106946.4,maker
2025-05-25 11:00:00+00:00,ETH/USD,3.2481116417739484,2492.31,maker
2025-05-25 11:00:00+00:00,SOL/USD,44.64244981595012,171.17,maker
2025-05-25 11:00:00+00:00,BNB/USD,23.846826304362683,660.84,maker
2025-05-25 11:00:00+00:00,XRP/USD,1481.4655421906125,2.284,maker
2025-05-26 12:00:00+00:00,XRP/USD,-2238.302559884164,2.340548865,taker
2025-05-29 04:00:00+00:00,BTC/USD,-0.08468494574105898,108044.88,maker
2025-05-29 15:00:00+00:00,SOL/USD,-27.000594057920264,170.72,maker
2025-05-30 01:00:00+00:00,BNB/USD,-14.59938484079406,667.66,maker
2025-05-30 13:00:00+00:00,SOL/USD,-27.012427199546124,160.86586649999998,taker
2025-06-04 14:00:00+00:00,BTC/USD,-0.08020474892492953,105017.545005,taker
2025-06-05 01:00:00+00:00,ETH/USD,-1.778052711932339,2611.7,maker
2025-06-05 03:00:00+00:00,BNB/USD,-15.050873790615613,665.680133,taker
2025-06-05 20:00:00+00:00,ETH/USD,-2.1538996255465395,2398.5401650000003,taker
2025-06-08 06:00:00+00:00,SOL/USD,-26.74077005417703,149.89751199999998,taker
2025-06-08 10:00:00+00:00,XRP/USD,-2192.0036941533317,2.21526766,taker
2025-06-08 11:00:00+00:00,XRP/USD,1994.5314897852254,2.242236285,taker
2025-06-09 10:00:00+00:00,BTC/USD,0.09722627842399503,107195.77695500001,taker
2025-06-10 01:00:00+00:00,ETH/USD,2.0129553443952046,2708.7762555,taker
2025-06-10 12:00:00+00:00,ETH/USD,2.3249510084836236,2773.64,maker
2025-06-10 21:00:00+00:00,SOL/USD,26.779701101784934,163.9145835,taker
2025-06-12 19:00:00+00:00,BNB/USD,16.571712638879454,658.5587690000001,taker
2025-06-14 20:00:00+00:00,SOL/USD,-23.01108960351348,142.8885635,taker
2025-06-15 11:00:00+00:00,XRP/USD,-2143.1480047660298,2.15867615,taker
2025-06-16 13:00:00+00:00,XRP/USD,2115.659809793745,2.2594388650000004,taker
2025-06-16 14:00:00+00:00,BTC/USD,0.13802209822973582,107160.06,maker
2025-06-16 22:00:00+00:00,BNB/USD,-16.72418444050452,653.2220020000001,taker
2025-06-16 23:00:00+00:00,BTC/USD,-0.13713070439583852,107700.01,maker
2025-06-17 00:00:00+00:00,ETH/USD,-2.3693307537236126,2544.17,maker
2025-06-18 10:00:00+00:00,XRP/USD,-1893.4103707012746,2.12908059,taker
2025-06-19 20:00:00+00:00,XRP/USD,1832.3664831007245,2.165424765,taker
2025-06-20 14:00:00+00:00,BTC/USD,-0.10088616873125217,103924.4189985,taker
2025-06-20 16:00:00+00:00,BNB/USD,-13.55523815395484,643.883403,taker
2025-06-21 12:00:00+00:00,ETH/USD,-2.0211853418661505,2435.5246165,taker
2025-06-21 19:00:00+00:00,BTC/USD,-0.0703590790648167,102229.763235,taker
2025-06-21 19:00:00+00:00,XRP/USD,-2396.126887420001,2.07048938,taker
2025-06-22 01:00:00+00:00,ETH/USD,-1.3119732861727877,2266.160025,taker
2025-06-23 22:00:00+00:00,BNB/USD,5.045869647589619,641.4362010000001,taker
2025-06-24 05:00:00+00:00,BTC/USD,0.028872720095696303,105412.349481,taker
2025-06-24 16:00:00+00:00,XRP/USD,1337.2561121757371,2.209031305,taker
2025-06-25 13:00:00+00:00,BTC/USD,0.05144932937762095,107939.39848150001,taker
2025-06-28 15:00:00+00:00,SOL/USD,23.545853834709394,148.1922255,taker
2025-06-28 17:00:00+00:00,BNB/USD,9.336461394194256,647.3270845000001,taker
2025-06-28 17:00:00+00:00,XRP/USD,1415.7765860005343,2.1999299400000005,taker
2025-06-28 21:00:00+00:00,ETH/USD,1.4241697792489374,2436.9954945000004,taker
2025-06-29 11:00:00+00:00,BTC/USD,0.07542291248608071,108493.38156650001,taker
2025-06-30 01:00:00+00:00,BTC/USD,0.1060423311355698,108713.81,maker
2025-07-02 13:00:00+00:00,BNB/USD,15.603509705810389,657.9886835000001,taker
2025-07-03 05:00:00+00:00,SOL/USD,25.4440490874187,155.723355,taker
2025-07-03 09:00:00+00:00,XRP/USD,1994.7336230230355,2.2924438150000004,taker
2025-07-05 19:00:00+00:00,ETH/USD,1.7626875674235727,2506.115861,taker
2025-07-05 21:00:00+00:00,BNB/USD,20.07130688368269,654.89,maker
2025-07-06 22:00:00+00:00,BTC/USD,0.06367226560430528,109245.1143095,taker
2025-07-06 22:00:00+00:00,BNB/USD,12.223505978513213,663.8195580000001,taker
2025-07-07 15:00:00+00:00,SOL/USD,-28.269652712429856,151.0473395,taker
2025-07-08 18:00:00+00:00,SOL/USD,38.08001926582006,152.83292150000003,taker
2025-07-10 16:00:00+00:00,XRP/USD,3974.9713674311333,2.4542,maker
2025-07-10 22:00:00+00:00,BTC/USD,-0.04250556928713242,115990.978743,taker
2025-07-11 21:00:00+00:00,XRP/USD,-1239.8785850145046,2.7575,maker
2025-07-12 21:00:00+00:00,ETH/USD,3.2938456907989915,2917.02,maker
2025-07-13 01:00:00+00:00,SOL/USD,59.851080714154804,160.89,maker
2025-07-15 15:00:00+00:00,BNB/USD,-7.592548617044571,678.49,maker
2025-07-17 21:00:00+00:00,XRP/USD,-975.8917432777503,3.3599,maker
2025-07-18 13:00:00+00:00,BNB/USD,-7.237525766271286,749.79,maker
2025-07-20 04:00:00+00:00,BTC/USD,0.04498823289700565,117958.01,maker
2025-07-20 09:00:00+00:00,ETH/USD,-0.933935680963025,3711.51,maker
2025-07-20 21:00:00+00:00,BNB/USD,-4.67852479583868,753.0,maker
2025-07-21 03:00:00+00:00,SOL/USD,-20.26597928502227,184.35,maker
2025-07-21 05:00:00+00:00,BTC/USD,-0.14705742528563961,118331.61,maker
2025-07-22 15:00:00+00:00,BTC/USD,0.13887366659673248,119060.0,maker
2025-07-23 12:00:00+00:00,BNB/USD,-4.631675568734792,808.46,maker
2025-07-24 06:00:00+00:00,SOL/USD,-20.588053327052116,181.87,maker
2025-07-24 07:00:00+00:00,BNB/USD,-4.453837410695874,749.47,maker
2025-07-24 22:00:00+00:00,XRP/USD,-2166.4915050042705,3.1832,maker
2025-07-25 02:00:00+00:00,BTC/USD,-0.14352773553351925,117359.26,maker
2025-07-28 07:00:00+00:00,BTC/USD,-0.10916368059439528,118882.16500000001,taker
2025-07-28 18:00:00+00:00,SOL/USD,-27.797085712911283,185.89,maker
2025-07-31 18:00:00+00:00,XRP/USD,-1419.116532436933,3.0840373249999997,taker
2025-08-01 04:00:00+00:00,SOL/USD,-27.91164651081699,169.64454949999998,taker
2025-08-01 22:00:00+00:00,ETH/USD,-2.387334720593675,3536.97,maker
2025-08-01 23:00:00+00:00,BNB/USD,-8.877528933366236,749.95,maker
2025-08-03 03:00:00+00:00,ETH/USD,-1.636606493318323,3443.603382,taker
2025-08-06 00:00:00+00:00,BNB/USD,-8.168657965516195,751.607242,taker
2025-08-07 13:00:00+00:00,ETH/USD,1.5054174451094655,3858.2686535000003,taker
2025-08-07 21:00:00+00:00,XRP/USD,1415.483836737702,3.2504875,taker
2025-08-07 23:00:00+00:00,ETH/USD,2.036824639629587,3916.8,maker
2025-08-08 03:00:00+00:00,XRP/USD,1719.5321288091454,3.3413,maker
2025-08-08 09:00:00+00:00,SOL/USD,30.423277930358186,176.08640900000003,taker
2025-08-08 13:00:00+00:00,BTC/USD,0.11303322685483042,116935.50769550001,taker
2025-08-08 13:00:00+00:00,BNB/USD,9.838742637257882,793.378989,taker
2025-08-13 01:00:00+00:00,SOL/USD,37.28605510578447,193.95,maker
2025-08-13 08:00:00+00:00,BNB/USD,11.873037814921771,846.74,maker
2025-08-13 14:00:00+00:00,BTC/USD,0.13475684637833035,121767.97,maker
2025-08-13 22:00:00+00:00,XRP/USD,1058.594704512524,3.2587,maker
2025-08-14 22:00:00+00:00,XRP/USD,-2543.6466519830265,3.0608,maker
2025-08-15 15:00:00+00:00,ETH/USD,-0.7484375153886429,4493.22,maker
2025-08-15 16:00:00+00:00,BNB/USD,-4.534187830586463,818.65,maker
2025-08-15 19:00:00+00:00,BTC/USD,-0.03667360963837221,117159.66,maker
2025-08-16 21:00:00+00:00,XRP/USD,-1733.2391628651983,3.09413581,taker
2025-08-17 09:00:00+00:00,BTC/USD,0.045640334318547776,118366.06,maker
2025-08-18 02:00:00+00:00,BTC/USD,-0.15664386839438937,116269.54,maker
2025-08-19 15:00:00+00:00,ETH/USD,-1.632001542299958,4191.6,maker
2025-08-19 16:00:00+00:00,BTC/USD,-0.08937543785885896,113371.291755,taker
2025-08-19 19:00:00+00:00,SOL/USD,-43.92532649984942,176.71,maker
2025-08-21 15:00:00+00:00,BTC/USD,-0.0560836013813831,112775.161188,taker
2025-08-21 16:00:00+00:00,SOL/USD,-20.399641585050837,180.93285600000002,taker
2025-08-22 17:00:00+00:00,ETH/USD,0.8294306309014734,4800.219925,taker
2025-08-22 18:00:00+00:00,SOL/USD,19.400401563639257,196.849523,taker
2025-08-24 01:00:00+00:00,SOL/USD,22.48080455774096,206.13,maker
2025-08-29 10:00:00+00:00,ETH/USD,0.757735221394521,4337.61,maker
2025-08-29 14:00:00+00:00,XRP/USD,-1415.6014984099677,2.82257655,taker
2025-08-29 15:00:00+00:00,ETH/USD,-1.475064635446436,4282.49,maker
2025-08-29 18:00:00+00:00,BNB/USD,-8.343383882426242,856.3,maker
2025-09-01 03:00:00+00:00,SOL/USD,-21.645713473639095,197.53,maker
2025-09-01 21:00:00+00:00,SOL/USD,28.000080494279185,197.71,maker
2025-09-04 21:00:00+00:00,SOL/USD,-27.509110583098586,202.63,maker
2025-09-05 07:00:00+00:00,BTC/USD,0.056989944584426015,112971.26314800001,taker
2025-09-05 14:00:00+00:00,ETH/USD,-1.1428334989204179,4272.978957,taker
2025-09-05 16:00:00+00:00,BNB/USD,-10.30420702143089,849.3025855,taker
2025-09-07 23:00:00+00:00,BNB/USD,12.931681529903118,880.1820075,taker
2025-09-07 23:00:00+00:00,XRP/USD,1279.9632195393906,2.87743155,taker
2025-09-08 03:00:00+00:00,SOL/USD,33.62593497446666,207.81,maker
2025-09-08 11:00:00+00:00,BNB/USD,17.53053877947483,877.59,maker
2025-09-11 18:00:00+00:00,ETH/USD,1.5262189888111457,4420.973046500001,taker
2025-09-12 00:00:00+00:00,BTC/USD,0.09151131021366884,115858.06610350001,taker
2025-09-12 04:00:00+00:00,XRP/USD,2433.8341580402875,3.0544581,taker
2025-09-12 14:00:00+00:00,ETH/USD,2.3557026528940606,4539.64,maker
2025-09-16 16:00:00+00:00,ETH/USD,0.9242943837786912,4468.2,maker
2025-09-17 20:00:00+00:00,BTC/USD,0.029809156722519783,115652.02,maker
2025-09-17 23:00:00+00:00,BNB/USD,-7.5112631169727315,991.89,maker
2025-09-18 17:00:00+00:00,BTC/USD,0.20340161527659562,117565.6,maker
2025-09-18 17:00:00+00:00,XRP/USD,4008.7667953702685,3.1175,maker
2025-09-19 18:00:00+00:00,ETH/USD,-2.8867664536614344,4459.52,maker
2025-09-19 18:00:00+00:00,SOL/USD,15.167885321776346,236.65,maker
2025-09-19 20:00:00+00:00,XRP/USD,-3580.268614334126,2.9862,maker
2025-09-21 07:00:00+00:00,BNB/USD,-3.3187293675067,1076.01,maker
2025-09-21 10:00:00+00:00,SOL/USD,-41.10619068538892,238.48,maker
2025-09-21 16:00:00+00:00,ETH/USD,-2.346197366764383,4476.1584755,taker
2025-09-22 05:00:00+00:00,BTC/USD,-0.1817843370840143,114433.53,maker
2025-09-22 05:00:00+00:00,XRP/USD,-3251.3092478913854,2.84657295,taker
2025-09-22 09:00:00+00:00,XRP/USD,-2314.5048662029776,2.800279895,taker
2025-09-22 15:00:00+00:00,ETH/USD,-1.4833143486428524,4167.254818,taker
2025-09-25 00:00:00+00:00,SOL/USD,-32.027708281611346,210.6983905,taker
2025-09-25 06:00:00+00:00,BTC/USD,-0.17253050226662503,111516.530011,taker
2025-09-26 05:00:00+00:00,BNB/USD,-10.17280335380406,938.4,maker
2025-09-29 19:00:00+00:00,BTC/USD,0.12795479645924426,114282.68983250001,taker
2025-09-29 20:00:00+00:00,BNB/USD,7.984905614428143,1020.23,maker
2025-10-01 08:00:00+00:00,ETH/USD,0.9371681986691245,4291.8736845,taker
2025-10-01 08:00:00+00:00,XRP/USD,1198.1562324676875,2.917337535,taker
2025-10-01 19:00:00+00:00,ETH/USD,0.9250135971298641,4335.1801795,taker
2025-10-01 23:00:00+00:00,SOL/USD,25.293030147496705,222.073306,taker
2025-10-02 04:00:00+00:00,XRP/USD,1495.0301151684455,2.96804514,taker
2025-10-02 12:00:00+00:00,XRP/USD,2309.3117971111988,2.98704799,taker
2025-10-03 10:00:00+00:00,BTC/USD,0.14393277792341053,120300.0,maker
2025-10-03 19:00:00+00:00,BNB/USD,-2.9699691693362436,1172.49,maker
2025-10-06 02:00:00+00:00,ETH/USD,1.5597304666198857,4539.000748,taker
2025-10-06 07:00:00+00:00,XRP/USD,3617.2390358519633,2.9902,maker
2025-10-06 14:00:00+00:00,ETH/USD,2.2102387850797482,4637.87,maker
2025-10-06 16:00:00+00:00,SOL/USD,37.01458554232258,235.64,maker
2025-10-09 02:00:00+00:00,XRP/USD,-3305.0387826869087,2.8581,maker
2025-10-09 07:00:00+00:00,XRP/USD,-2846.5689966988093,2.81677742,taker
2025-10-09 09:00:00+00:00,BNB/USD,-2.8464754379352044,1281.65,maker
2025-10-09 14:00:00+00:00,BTC/USD,-0.038832726394826295,122415.74,maker
2025-10-09 17:00:00+00:00,SOL/USD,-36.12846626781628,217.22,maker
2025-10-09 19:00:00+00:00,ETH/USD,-2.331837423611454,4308.24,maker
2025-10-10 16:00:00+00:00,BTC/USD,-0.12560843794329762,119018.98,maker
2025-10-10 20:00:00+00:00,ETH/USD,-1.4153646945325797,3870.719305,taker
2025-10-10 20:00:00+00:00,SOL/USD,-22.997548896134592,196.810474,taker
2025-10-13 07:00:00+00:00,BNB/USD,-2.4930545830184068,1324.24,maker
2025-10-14 11:00:00+00:00,BNB/USD,-3.256718713252541,1183.15,maker
2025-10-15 11:00:00+00:00,BTC/USD,-0.07486657781519207,111888.9441405,taker
2025-10-16 15:00:00+00:00,BTC/USD,-0.04370380051756237,108532.9276185,taker
2025-10-20 11:00:00+00:00,BNB/USD,-2.333301830860209,1115.272684,taker
2025-10-24 06:00:00+00:00,BTC/USD,0.046889298421560796,111481.07965400002,taker
2025-10-24 08:00:00+00:00,BNB/USD,2.873386993047982,1128.229209,taker
2025-10-24 21:00:00+00:00,XRP/USD,2179.202918573589,2.507476065,taker
2025-10-25 19:00:00+00:00,SOL/USD,22.472668912996276,194.55917950000003,taker
2025-10-25 20:00:00+00:00,ETH/USD,1.2968973292846202,3946.0518190000003,taker
2025-10-27 06:00:00+00:00,BTC/USD,0.06563525543441165,116070.89802350002,taker
2025-10-28 11:00:00+00:00,BTC/USD,0.11043062172090891,114595.71,maker
2025-10-30 13:00:00+00:00,ETH/USD,-1.3614042299721656,3766.114998,taker
2025-10-30 16:00:00+00:00,BNB/USD,-3.6976937086613866,1081.697721,taker
2025-10-30 18:00:00+00:00,BTC/USD,-0.10811350001466805,107486.69,maker
2025-10-30 19:00:00+00:00,BTC/USD,-0.07426560610135667,106520.4095415,taker
2025-10-30 19:00:00+00:00,ETH/USD,-1.039233137309355,3686.3769604999998,taker
2025-10-30 19:00:00+00:00,SOL/USD,-23.677790925045095,179.033141,taker
2025-11-01 14:00:00+00:00,XRP/USD,-1958.991098374253,2.483927355,taker
2025-11-02 18:00:00+00:00,BNB/USD,-3.9992169422304986,1078.6481784999999,taker
2025-11-03 03:00:00+00:00,SOL/USD,-18.075788013191698,177.5433645,taker
2025-11-03 15:00:00+00:00,BTC/USD,-0.05733547805495286,105729.84814350001,taker
2025-11-03 19:00:00+00:00,XRP/USD,-1485.6429062723892,2.323751385,taker
2025-11-10 09:00:00+00:00,XRP/USD,1669.6507658542096,2.5387807600000003,taker
2025-11-11 16:00:00+00:00,BNB/USD,3.8455233568980645,975.3362785000002,taker
2025-11-11 18:00:00+00:00,ETH/USD,1.0600104550615255,3469.3803290000005,taker
2025-11-12 10:00:00+00:00,BTC/USD,0.05807318928092786,104915.72499850001,taker
2025-11-14 03:00:00+00:00,BNB/USD,-4.432212436734536,923.8913955,taker
2025-11-14 04:00:00+00:00,BTC/USD,-0.050093741525411656,97809.306403,taker
2025-11-18 05:00:00+00:00,XRP/USD,-1540.4615571841373,2.157176375,taker
2025-11-19 02:00:00+00:00,ETH/USD,-1.0696386320390692,3113.4629105,taker
2025-11-26 17:00:00+00:00,XRP/USD,1524.2071268428836,2.2346351450000004,taker
2025-11-27 16:00:00+00:00,BTC/USD,0.05267868861210542,91480.85006950001,taker
2025-11-28 02:00:00+00:00,BNB/USD,4.115468768318814,895.7843475000001,taker
2025-12-01 16:00:00+00:00,BNB/USD,-4.300251082868106,809.9884835,taker
2025-12-01 17:00:00+00:00,BTC/USD,-0.05154892428484026,84907.561955,taker
2025-12-02 08:00:00+00:00,XRP/USD,-1653.7155096611014,2.0020996400000004,taker
2025-12-02 15:00:00+00:00,BTC/USD,0.05157279918298488,90863.63750150001,taker
2025-12-03 05:00:00+00:00,BNB/USD,4.55664318711979,901.9352700000001,taker
2025-12-03 11:00:00+00:00,ETH/USD,1.0989755969908896,3073.6909845000005,taker
2025-12-03 19:00:00+00:00,ETH/USD,1.2936987524425332,3128.66923,taker
2025-12-04 17:00:00+00:00,BTC/USD,0.06344071126499391,92440.624014,taker
2025-12-05 06:00:00+00:00,BNB/USD,6.051268533068689,904.515657,taker
2025-12-07 14:00:00+00:00,BTC/USD,-0.06957481547644112,88207.2969205,taker
2025-12-08 00:00:00+00:00,BTC/USD,0.08087598518231195,90360.252005,taker
2025-12-08 03:00:00+00:00,SOL/USD,48.80866996442174,134.340148,taker
2025-12-10 21:00:00+00:00,SOL/USD,-32.62616342989226,137.12942750000002,taker
2025-12-11 00:00:00+00:00,BNB/USD,-6.8543849861808255,883.4774585,taker
2025-12-11 02:00:00+00:00,BTC/USD,-0.08021566323613323,90060.4889,taker
2025-12-15 00:00:00+00:00,SOL/USD,-25.559397380630724,130.120479,taker
2025-12-15 17:00:00+00:00,ETH/USD,-1.3996288185974162,2936.7494215,taker
2025-12-16 17:00:00+00:00,BTC/USD,-0.06354295237532469,87118.9202015,taker
2025-12-17 05:00:00+00:00,BNB/USD,-6.104228710452634,858.731171,taker
2025-12-17 16:00:00+00:00,ETH/USD,-1.2598267349135215,2863.8603565,taker
2025-12-21 09:00:00+00:00,BTC/USD,0.06492290269614243,88906.15392300002,taker
2025-12-21 09:00:00+00:00,ETH/USD,1.2521600753194488,3004.4506,taker
2025-12-22 15:00:00+00:00,BTC/USD,0.08027349931667607,89740.37903800001,taker
2025-12-24 14:00:00+00:00,BTC/USD,-0.08475614494928653,86981.650795,taker
2025-12-24 18:00:00+00:00,ETH/USD,1.8313113614488772,2942.0212370000004,taker
2025-12-25 18:00:00+00:00,BTC/USD,0.09160729946291034,88254.496189,taker
2025-12-25 19:00:00+00:00,BNB/USD,5.411757544671442,841.4762025000001,taker
2025-12-26 19:00:00+00:00,BNB/USD,-7.208780183556321,832.7050755,taker
2025-12-28 15:00:00+00:00,BTC/USD,-0.09203800598461494,87823.09455950001,taker
2025-12-29 11:00:00+00:00,BTC/USD,-0.05623883585550782,87554.52485100001,taker
2025-12-29 12:00:00+00:00,ETH/USD,-1.984121029599295,2930.5103575,taker
2025-12-30 14:00:00+00:00,BNB/USD,6.980875033043379,862.0392865,taker
2025-12-30 18:00:00+00:00,XRP/USD,-1722.9020938908661,1.87871815,taker
2025-12-31 04:00:00+00:00,BNB/USD,10.83340684235379,861.3591845000001,taker
2025-12-31 17:00:00+00:00,ETH/USD,2.36760751894991,2976.2163655000004,taker
2025-12-31 19:00:00+00:00,BNB/USD,17.017124038942185,864.4496480000001,taker
2026-01-01 19:00:00+00:00,BTC/USD,0.04589542518556345,88404.40867250001,taker
2026-01-01 19:00:00+00:00,SOL/USD,75.69264632029366,125.77886400000001,taker
2026-01-01 19:00:00+00:00,XRP/USD,2291.7085520110295,1.8744811300000002,taker
2026-01-01 23:00:00+00:00,ETH/USD,4.459756287783593,2999.3,maker
2026-01-01 23:00:00+00:00,XRP/USD,5091.275657637697,1.8801819850000001,taker
2026-01-02 06:00:00+00:00,BNB/USD,-14.406870835367354,866.15,maker
2026-01-02 14:00:00+00:00,BTC/USD,0.13170160974017683,89593.437,taker
2026-01-05 03:00:00+00:00,BTC/USD,0.19460348220243992,93033.11,maker
2026-01-05 17:00:00+00:00,XRP/USD,3100.0348262749094,2.1943,maker
2026-01-06 15:00:00+00:00,SOL/USD,74.9406820867797,142.0,maker
2026-01-06 15:00:00+00:00,BNB/USD,20.0473988833699,920.52,maker
2026-01-07 17:00:00+00:00,XRP/USD,-1498.4355464203854,2.2019,maker
2026-01-07 19:00:00+00:00,BNB/USD,-5.097952220896168,896.75,maker
2026-01-08 07:00:00+00:00,BTC/USD,-0.0691815887755893,89898.01,maker
2026-01-08 07:00:00+00:00,ETH/USD,-1.3500688208312592,3105.38,maker
2026-01-08 07:00:00+00:00,SOL/USD,-29.334867120226207,134.85,maker
2026-01-08 07:00:00+00:00,BNB/USD,-4.7486960617759415,880.42,maker
2026-01-08 17:00:00+00:00,ETH/USD,-3.0346576179378815,3122.31,maker
2026-01-09 17:00:00+00:00,BNB/USD,5.656021336513135,899.06,maker
2026-01-12 02:00:00+00:00,XRP/USD,-3240.6244623726534,2.0643,maker
2026-01-12 10:00:00+00:00,BTC/USD,-0.13674576559392554,90685.64,maker
2026-01-12 17:00:00+00:00,ETH/USD,-2.71603169828096,3104.414268,taker
2026-01-13 20:00:00+00:00,BTC/USD,0.1769664761969428,94226.84,maker
2026-01-13 22:00:00+00:00,ETH/USD,2.6117940959610335,3331.679677,taker
2026-01-14 10:00:00+00:00,ETH/USD,3.2681179457919174,3328.32,maker
2026-01-15 19:00:00+00:00,BTC/USD,-0.048375637561506146,95835.0,maker
2026-01-16 16:00:00+00:00,BNB/USD,-4.386312182223719,926.97,maker
2026-01-19 00:00:00+00:00,XRP/USD,-2565.8900102437565,1.9450082050000002,taker
2026-01-19 01:00:00+00:00,BTC/USD,-0.03590876015967501,92711.02,maker
2026-01-19 01:00:00+00:00,ETH/USD,-1.2860969392883468,3212.13,maker
2026-01-19 01:00:00+00:00,SOL/USD,-63.00688323920368,133.77,maker
2026-01-19 01:00:00+00:00,BNB/USD,-5.368941986447455,918.88,maker
2026-01-20 06:00:00+00:00,SOL/USD,-32.92358902080066,131.21031549999998,taker
2026-01-20 14:00:00+00:00,ETH/USD,-2.5440596861859737,3078.99,maker
2026-01-20 15:00:00+00:00,BTC/USD,-0.11780279896806917,90531.15,maker
2026-01-20 15:00:00+00:00,BTC/USD,-0.08233223096985064,90671.3472575,taker
2026-01-20 15:00:00+00:00,ETH/USD,-1.650263496735802,3032.5350515,taker
2026-01-20 17:00:00+00:00,BNB/USD,-10.998637265242397,896.7,maker
2026-01-20 23:00:00+00:00,BNB/USD,-7.890384940905941,884.0673700000001,taker
2026-01-28 06:00:00+00:00,BNB/USD,8.570956315690843,903.7855475,taker
2026-01-29 17:00:00+00:00,BNB/USD,-8.899445395976107,863.3404795,taker
2026-01-30 01:00:00+00:00,BTC/USD,-0.05841607250427712,82455.649797,taker
2026-01-30 02:00:00+00:00,SOL/USD,-35.835069969566206,114.10288200000001,taker
2026-01-30 06:00:00+00:00,ETH/USD,-1.455168739575389,2718.152216,taker
2026-01-31 12:00:00+00:00,XRP/USD,-2390.8488151982833,1.6897465,taker
2026-01-31 16:00:00+00:00,BNB/USD,-6.551731359793774,793.1110155,taker
2026-02-12 23:00:00+00:00,BTC/USD,0.06312092368774304,66282.1108255,taker
2026-02-14 23:00:00+00:00,XRP/USD,2373.024889297943,1.5096264100000003,taker
2026-02-15 19:00:00+00:00,BTC/USD,-0.052020533606570205,68276.3870055,taker
2026-02-18 08:00:00+00:00,BNB/USD,7.008000273455537,623.4435025000001,taker
2026-02-19 16:00:00+00:00,XRP/USD,2649.882955418322,1.3924088300000002,taker
2026-02-20 00:00:00+00:00,SOL/USD,82.43709346816446,82.91243500000002,taker
2026-02-21 23:00:00+00:00,XRP/USD,-3028.39007228691,1.4301854399999998,taker
2026-02-22 05:00:00+00:00,SOL/USD,-57.23526971339474,84.967253,taker
2026-02-22 19:00:00+00:00,SOL/USD,-46.12212592653304,83.287505,taker
2026-02-23 01:00:00+00:00,BNB/USD,-8.950304917609206,586.2320520000001,taker
2026-02-23 02:00:00+00:00,XRP/USD,-2970.547673270717,1.34219864,taker
2026-02-25 15:00:00+00:00,SOL/USD,46.96353402460103,85.99289700000001,taker
2026-02-25 16:00:00+00:00,SOL/USD,59.81289002917705,87.56313250000001,taker
2026-02-25 16:00:00+00:00,XRP/USD,2850.4439925287397,1.4490173200000003,taker
2026-02-25 17:00:00+00:00,ETH/USD,3.8319487016076024,2074.2110850000004,taker
2026-02-25 19:00:00+00:00,BNB/USD,8.02886121913025,632.3048315000001,taker
2026-02-27 05:00:00+00:00,BNB/USD,11.411351595731585,631.8247595,taker
2026-02-27 18:00:00+00:00,ETH/USD,-2.7524339801231816,1917.732297,taker
2026-02-28 06:00:00+00:00,ETH/USD,-1.8931367182209526,1842.1736325000002,taker
2026-02-28 06:00:00+00:00,SOL/USD,-99.20377039026172,77.548366,taker
2026-02-28 06:00:00+00:00,BNB/USD,-11.661410534924165,592.571101,taker
2026-02-28 06:00:00+00:00,XRP/USD,-2812.265208151528,1.296505495,taker
2026-02-28 08:00:00+00:00,BNB/USD,-7.830623857767511,591.331287,taker
2026-03-02 01:00:00+00:00,ETH/USD,2.0986341340494805,1964.0045565000003,taker
2026-03-02 01:00:00+00:00,SOL/USD,44.81141867459432,84.6226915,taker
2026-03-02 01:00:00+00:00,BNB/USD,8.429503274356072,621.773252,taker
2026-03-02 15:00:00+00:00,BTC/USD,0.05157502963230631,69140.56953000001,taker
2026-03-02 15:00:00+00:00,BNB/USD,9.244458177812994,646.3469375000001,taker
2026-03-04 15:00:00+00:00,BTC/USD,0.06369372901762342,73407.88953200002,taker
2026-03-04 15:00:00+00:00,SOL/USD,38.08081115900609,92.953941,taker
2026-03-04 18:00:00+00:00,ETH/USD,1.8460039411533604,2163.504477,taker
2026-03-07 06:00:00+00:00,XRP/USD,3241.2472114423954,1.363904555,taker
2026-03-07 19:00:00+00:00,XRP/USD,2605.571597730554,1.3506025600000002,taker
2026-03-08 02:00:00+00:00,SOL/USD,-35.11259669773184,82.3776415,taker
2026-03-08 02:00:00+00:00,XRP/USD,-2601.919000722537,1.3477978000000002,taker
2026-03-10 09:00:00+00:00,XRP/USD,2729.2303982189765,1.4167124750000002,taker
2026-03-10 14:00:00+00:00,SOL/USD,38.61369742867802,88.113215,taker
2026-03-11 09:00:00+00:00,SOL/USD,-41.27373733163638,84.867268,taker
2026-03-11 15:00:00+00:00,BTC/USD,-0.06505374383555171,70217.37581350001,taker
2026-03-11 15:00:00+00:00,ETH/USD,-1.8437710711260513,2049.4225405,taker
2026-03-11 15:00:00+00:00,XRP/USD,-3055.032978647723,1.3821926400000002,taker
2026-03-12 04:00:00+00:00,XRP/USD,-2507.898504047693,1.3701944400000001,taker
2026-03-13 02:00:00+00:00,BNB/USD,14.350497087555361,661.9,maker
2026-03-13 10:00:00+00:00,BTC/USD,0.07739200145407185,72468.98871800001,taker
2026-03-13 10:00:00+00:00,ETH/USD,2.22005549851223,2127.1890305,taker
2026-03-13 10:00:00+00:00,SOL/USD,44.97060342949894,90.2035285,taker
2026-03-13 13:00:00+00:00,BTC/USD,0.10615619744205183,72784.73,maker
2026-03-13 13:00:00+00:00,ETH/USD,2.959627075605294,2146.63,maker
2026-03-13 13:00:00+00:00,SOL/USD,61.76749763848096,91.0,maker
2026-03-13 13:00:00+00:00,XRP/USD,2486.616430016282,1.44381654,taker
2026-03-14 06:00:00+00:00,XRP/USD,3517.039517274751,1.3928088900000002,taker
2026-03-17 04:00:00+00:00,BNB/USD,5.070958207965653,676.11,maker
2026-03-17 09:00:00+00:00,BTC/USD,0.04700883253948279,74188.38,maker
2026-03-19 11:00:00+00:00,BTC/USD,-0.13166266843071295,70133.72,maker
2026-03-20 01:00:00+00:00,BNB/USD,-16.37544182829037,641.04,maker
2026-03-20 12:00:00+00:00,BTC/USD,-0.10887101271829702,70332.0786055,taker
2026-03-21 06:00:00+00:00,BTC/USD,0.10611124127882578,70785.2661975,taker
2026-03-22 22:00:00+00:00,ETH/USD,-2.9434137135655716,2045.96,maker
2026-03-22 22:00:00+00:00,SOL/USD,-55.62140737780596,85.99,maker
2026-03-22 22:00:00+00:00,XRP/USD,-3503.5453578870747,1.3906913650000001,taker
2026-03-26 12:00:00+00:00,BNB/USD,-12.850123285565614,629.585548,taker
2026-03-27 07:00:00+00:00,BTC/USD,-0.10200523510303022,68530.198928,taker
2026-03-27 08:00:00+00:00,XRP/USD,-2900.211073089461,1.3502974250000002,taker
2026-03-27 10:00:00+00:00,ETH/USD,-2.273713298724755,1991.3712495000002,taker
2026-03-27 10:00:00+00:00,SOL/USD,-55.450298712841054,83.007547,taker
2026-04-02 02:00:00+00:00,BNB/USD,-11.15928896042861,597.0004365000001,taker
2026-04-02 23:00:00+00:00,SOL/USD,-50.7693215786001,78.928159,taker
2026-04-03 09:00:00+00:00,BTC/USD,-0.08967732880637053,66849.551063,taker
2026-04-04 23:00:00+00:00,ETH/USD,2.85102882806613,2065.8298280000004,taker
2026-04-05 22:00:00+00:00,BTC/USD,0.07954642798205201,68348.6807645,taker
2026-04-06 10:00:00+00:00,ETH/USD,4.0250342782475395,2150.97,maker
2026-04-07 22:00:00+00:00,BTC/USD,0.12203076496216518,71524.8171135,taker
2026-04-09 08:00:00+00:00,SOL/USD,44.37060703380685,82.49237200000002,taker
2026-04-09 09:00:00+00:00,BNB/USD,9.490112278421055,602.850414,taker
2026-04-09 16:00:00+00:00,BTC/USD,0.14910531847721142,72141.99,maker
2026-04-13 23:00:00+00:00,ETH/USD,-1.5557178655329986,2352.74,maker
2026-04-14 08:00:00+00:00,XRP/USD,7934.505519808101,1.3737060250000002,taker
2026-04-14 09:00:00+00:00,SOL/USD,72.42200143687415,86.09291200000001,taker
2026-04-16 02:00:00+00:00,BNB/USD,16.826363649192736,624.2936300000001,taker
2026-04-22 01:00:00+00:00,ETH/USD,1.3914293155369597,2325.58,maker
2026-04-23 18:00:00+00:00,SOL/USD,-74.89908942688263,85.24721100000001,taker
2026-04-24 13:00:00+00:00,XRP/USD,-5679.748984284268,1.43538466,taker
2026-04-24 14:00:00+00:00,ETH/USD,-3.9768963023831656,2317.32,maker
2026-04-25 18:00:00+00:00,XRP/USD,5577.17436957031,1.42141318,taker
2026-04-26 18:00:00+00:00,BNB/USD,23.101905011498804,631.99,maker
2026-04-26 19:00:00+00:00,ETH/USD,4.394632613815742,2361.99,maker
2026-04-26 22:00:00+00:00,SOL/USD,87.38404511552972,86.74300950000001,taker
2026-04-27 00:00:00+00:00,XRP/USD,8339.80436224078,1.4307,maker
2026-04-27 01:00:00+00:00,SOL/USD,121.07273372723786,87.35,maker
2026-04-27 16:00:00+00:00,XRP/USD,-8087.369781206406,1.3882,maker
2026-04-28 09:00:00+00:00,ETH/USD,-4.26127584637713,2287.07,maker
2026-04-28 10:00:00+00:00,SOL/USD,-117.76248346373957,83.64,maker
2026-04-28 10:00:00+00:00,BNB/USD,-22.36004883840885,622.97,maker
2026-04-28 13:00:00+00:00,SOL/USD,-94.18217129844976,83.5374675,taker
2026-04-29 02:00:00+00:00,ETH/USD,-3.1673956948720594,2288.536668,taker
2026-04-29 14:00:00+00:00,BTC/USD,-0.1469709298491113,76783.43,maker
2026-04-30 15:00:00+00:00,XRP/USD,-6136.678937810555,1.369294575,taker
2026-04-30 18:00:00+00:00,BNB/USD,-18.559643895300272,617.467366,taker
2026-05-04 02:00:00+00:00,ETH/USD,3.3081956820178466,2375.0862095,taker
2026-05-04 06:00:00+00:00,BTC/USD,0.1672336766825741,80027.26,maker
2026-05-04 16:00:00+00:00,ETH/USD,4.711256904239358,2350.1,maker
2026-05-05 13:00:00+00:00,SOL/USD,110.18979820212297,85.64284450000001,taker
2026-05-05 13:00:00+00:00,XRP/USD,7120.936411381549,1.41361201,taker
2026-05-06 07:00:00+00:00,BNB/USD,20.61015509406045,638.0856985,taker
2026-05-07 08:00:00+00:00,SOL/USD,125.25423741101382,90.16,maker
2026-05-09 01:00:00+00:00,ETH/USD,1.788099243762355,2314.567133,taker
2026-05-09 17:00:00+00:00,BNB/USD,22.40633661965208,649.997485,taker
2026-05-10 14:00:00+00:00,BTC/USD,0.06368775699605322,80971.67,maker
2026-05-10 15:00:00+00:00,SOL/USD,-34.189776900430985,93.89,maker
2026-05-10 18:00:00+00:00,XRP/USD,6042.264768494469,1.5045,maker
2026-05-12 04:00:00+00:00,ETH/USD,-5.708221440688413,2309.37,maker
2026-05-13 02:00:00+00:00,BNB/USD,-7.126167666485095,678.34,maker
2026-05-13 12:00:00+00:00,BTC/USD,-0.20502021198137382,80501.22,maker
2026-05-14 09:00:00+00:00,ETH/USD,-4.530765467507319,2257.46133,taker
2026-05-14 17:00:00+00:00,BTC/USD,0.18199999911632497,81888.4,maker
2026-05-15 13:00:00+00:00,ETH/USD,-2.6666575047355954,2213.347948,taker
2026-05-15 22:00:00+00:00,SOL/USD,-112.70890313606844,89.05,maker
2026-05-16 09:00:00+00:00,BTC/USD,-0.20979577680420036,78071.767478,taker
2026-05-16 10:00:00+00:00,BNB/USD,-5.815204209630849,652.49,maker
2026-05-16 10:00:00+00:00,XRP/USD,-2442.0311850091857,1.4022,maker
2026-05-17 17:00:00+00:00,XRP/USD,-5721.854213431848,1.4116,maker
2026-05-18 01:00:00+00:00,BTC/USD,-0.12321461772314513,77097.653617,taker
2026-05-18 15:00:00+00:00,BNB/USD,-15.195413075513114,636.89,maker
2026-05-20 01:00:00+00:00,XRP/USD,-4357.710240613431,1.354896735,taker
2026-05-20 08:00:00+00:00,SOL/USD,-81.34961876725086,84.967253,taker
2026-05-22 06:00:00+00:00,XRP/USD,-3079.863036195775,1.36039591,taker
2026-05-23 07:00:00+00:00,BTC/USD,-0.09130217884191483,74598.168596,taker
2026-05-23 20:00:00+00:00,ETH/USD,1.6857116919974415,2146.6219450000003,taker
2026-05-25 06:00:00+00:00,BNB/USD,15.281301497083495,660.77,maker
2026-05-27 03:00:00+00:00,BNB/USD,-15.169911456636013,656.66,maker
2026-05-28 03:00:00+00:00,BNB/USD,-13.433056330304707,637.7143285,taker
2026-05-30 05:00:00+00:00,BNB/USD,14.800512760463064,666.5299645,taker
2026-05-30 15:00:00+00:00,BNB/USD,16.45046298236895,686.67,maker
2026-05-30 19:00:00+00:00,ETH/USD,-1.5545739661583666,2028.455686,taker
2026-05-31 01:00:00+00:00,BNB/USD,-4.4488340449592165,723.32,maker
2026-06-01 03:00:00+00:00,BNB/USD,-4.536489822423164,707.54,maker
2026-06-02 14:00:00+00:00,SOL/USD,-76.57735174699893,77.428384,taker
2026-06-03 20:00:00+00:00,BNB/USD,-10.42920168808586,622.77,maker
2026-06-04 01:00:00+00:00,BNB/USD,-10.429874210408506,602.3996265000001,taker
2026-06-05 15:00:00+00:00,BNB/USD,-6.62843228745991,578.6631875,taker
2026-06-12 13:00:00+00:00,BTC/USD,0.10141328676038651,63238.584365,taker
2026-06-12 13:00:00+00:00,BNB/USD,7.023868464837924,605.3807935,taker
2026-06-12 14:00:00+00:00,ETH/USD,3.1500096208371384,1685.8928460000002,taker
2026-06-12 18:00:00+00:00,SOL/USD,81.05777018357567,67.0800605,taker
2026-06-13 04:00:00+00:00,XRP/USD,3300.395309202899,1.133469995,taker
2026-06-18 15:00:00+00:00,BNB/USD,-7.99052345824889,573.653939,taker
2026-06-19 13:00:00+00:00,SOL/USD,62.62312181099166,69.29039200000001,taker
2026-06-19 14:00:00+00:00,ETH/USD,2.921783475749528,1707.2260455000003,taker
2026-06-19 15:00:00+00:00,BTC/USD,0.10801333414241363,63223.49210150001,taker
2026-06-20 04:00:00+00:00,XRP/USD,4616.296280757653,1.1445716600000002,taker
2026-06-21 22:00:00+00:00,XRP/USD,-5238.711731245405,1.131730215,taker
2026-06-21 23:00:00+00:00,BTC/USD,-0.12175218508076938,63302.4932015,taker
2026-06-22 15:00:00+00:00,ETH/USD,-3.265818190628564,1744.4782890000001,taker
2026-06-23 06:00:00+00:00,SOL/USD,-67.70812638369229,70.3194505,taker
2026-06-23 06:00:00+00:00,XRP/USD,-3970.2153576370815,1.11303302,taker
2026-06-25 13:00:00+00:00,BTC/USD,-0.07008878478009446,58281.4264745,taker
2026-06-26 02:00:00+00:00,ETH/USD,-2.2183341227253606,1524.471295,taker
2026-06-30 07:00:00+00:00,SOL/USD,63.94455692762718,74.171124,taker
2026-07-02 13:00:00+00:00,BTC/USD,0.0806051274878202,61948.33085600001,taker
2026-07-02 13:00:00+00:00,ETH/USD,2.4881434401857314,1710.9766080000002,taker
2026-07-02 13:00:00+00:00,BNB/USD,6.853895571706597,565.2347725000001,taker
2026-07-02 13:00:00+00:00,XRP/USD,4052.987622813658,1.104265615,taker
2026-07-03 17:00:00+00:00,SOL/USD,68.73776026266384,81.54,maker
2026-07-05 13:00:00+00:00,ETH/USD,2.980801536410549,1766.5249390000001,taker
2026-07-05 18:00:00+00:00,BTC/USD,0.11201618121273368,62829.75304950001,taker
2026-07-06 04:00:00+00:00,XRP/USD,5148.86063216947,1.146271915,taker
2026-07-07 09:00:00+00:00,ETH/USD,4.225072157116883,1770.78,maker
2026-07-08 12:00:00+00:00,XRP/USD,-5010.613458485656,1.0818377000000001,taker
2026-07-08 18:00:00+00:00,BTC/USD,0.13657841856674713,62104.62,maker
2026-07-09 11:00:00+00:00,SOL/USD,-64.6310707287655,77.68,maker
2026-07-09 13:00:00+00:00,BNB/USD,14.120491603066135,571.0756485,taker
2026-07-09 13:00:00+00:00,XRP/USD,5757.777830305749,1.099264865,taker
2026-07-10 04:00:00+00:00,ETH/USD,1.9059860552200902,1776.12,maker
2026-07-10 06:00:00+00:00,BTC/USD,0.05341616867298479,64115.99,maker
2026-07-10 20:00:00+00:00,XRP/USD,-6459.697763963777,1.103934385,taker
2026-07-12 21:00:00+00:00,BNB/USD,-15.369371242812747,575.6636375,taker
2026-07-13 18:00:00+00:00,BTC/USD,-0.16498143734309423,61904.99,maker
2026-07-15 00:00:00+00:00,BTC/USD,0.18698658091531484,65043.98,maker
2026-07-15 06:00:00+00:00,BNB/USD,18.089680749020296,579.866967,taker
2026-07-15 12:00:00+00:00,XRP/USD,7404.24595470336,1.121268165,taker
2026-07-16 10:00:00+00:00,SOL/USD,-76.86854152799263,76.1985685,taker
2026-07-17 09:00:00+00:00,BNB/USD,-19.271401774038573,564.275346,taker
2026-07-17 20:00:00+00:00,XRP/USD,-7628.523810472647,1.088336725,taker
2026-07-19 12:00:00+00:00,BNB/USD,-14.11592793861239,567.934797,taker
2026-07-20 16:00:00+00:00,SOL/USD,102.68652338768791,77.671649,taker
2026-07-20 17:00:00+00:00,BNB/USD,13.577669019285008,574.0961015,taker
2026-07-22 01:00:00+00:00,XRP/USD,8108.461173800058,1.1443716300000002,taker
2026-07-22 05:00:00+00:00,BNB/USD,-16.306259696353532,569.1246185,taker
2026-07-25 13:00:00+00:00,BNB/USD,15.719881472913297,568.3752435,taker
2026-07-25 14:00:00+00:00,XRP/USD,12145.403268709495,1.0915,maker
2026-07-26 16:00:00+00:00,BTC/USD,0.07403319754080534,64768.0,maker
2026-07-27 05:00:00+00:00,BNB/USD,24.50149586506654,575.626331,taker
2026-07-27 15:00:00+00:00,SOL/USD,-107.58601722817352,75.268708,taker
2026-07-27 16:00:00+00:00,XRP/USD,-11563.202213695657,1.0865,maker
2026-07-27 23:00:00+00:00,BTC/USD,-0.2359937885470467,63792.0,maker
2026-07-28 06:00:00+00:00,BNB/USD,-24.77165543482637,565.355184,taker
2026-07-28 10:00:00+00:00,ETH/USD,-5.199193863240997,1876.44,maker
2026-07-28 13:00:00+00:00,XRP/USD,-9237.68217395103,1.05064238,taker
2026-07-30 10:00:00+00:00,BNB/USD,23.15747157185477,587.4781085000001,taker
2026-07-30 18:00:00+00:00,BNB/USD,29.176002312931928,595.769352,taker
2026-07-31 21:00:00+00:00,SOL/USD,-85.43946764805216,72.71909050000001,taker
2026-08-01 18:00:00+00:00,BTC/USD,-0.18847298401409396,62571.172915999996,taker
2026-08-02 20:00:00+00:00,XRP/USD,-6249.8804605906735,1.0812377899999999,taker
2026-08-04 06:00:00+00:00,ETH/USD,-4.502462621683139,1856.681456,taker
2026-08-04 11:00:00+00:00,XRP/USD,6241.871189582624,1.0794618950000001,taker
2026-08-05 09:00:00+00:00,XRP/USD,-6965.112581619427,1.0646402799999999,taker
2026-08-05 19:00:00+00:00,BTC/USD,0.18475249677865246,64850.00604200001,taker
2026-08-07 12:00:00+00:00,ETH/USD,4.700641010450552,1932.4198195000004,taker
2026-08-07 14:00:00+00:00,ETH/USD,6.297819427194423,1923.5,maker
2026-08-08 03:00:00+00:00,SOL/USD,83.83720343163392,74.84122450000001,taker
2026-08-10 14:00:00+00:00,ETH/USD,-6.022577348731342,1897.6,maker
2026-08-11 01:00:00+00:00,SOL/USD,115.58133724037262,76.1014135,taker
2026-08-12 14:00:00+00:00,BTC/USD,-0.1926976320351787,63353.8854915,taker
2026-08-13 16:00:00+00:00,ETH/USD,-5.176682393908051,1874.5687725,taker
2026-08-14 12:00:00+00:00,BTC/USD,-0.13245265259236455,62732.2787465,taker
2026-08-15 19:00:00+00:00,ETH/USD,5.254412750349214,1884.8326825000001,taker
2026-08-16 14:00:00+00:00,SOL/USD,-113.5672277178363,75.38869000000001,taker
2026-08-17 16:00:00+00:00,ETH/USD,6.616527249857756,1913.22,maker
2026-08-18 13:00:00+00:00,BNB/USD,-29.611178422366013,600.2099549999999,taker
2026-08-18 14:00:00+00:00,BTC/USD,0.14065030404012746,64723.86712400001,taker
2026-08-18 14:00:00+00:00,SOL/USD,108.07501689945067,76.81152,taker
2026-08-19 14:00:00+00:00,XRP/USD,7070.572998234715,1.03335498,taker
2026-08-19 15:00:00+00:00,SOL/USD,95.06241899900532,80.89,maker
2026-08-19 15:00:00+00:00,BTC/USD,0.151531396284001,68564.2831,taker
2026-08-19 16:00:00+00:00,ETH/USD,-3.803595989550219,2085.83,maker
2026-08-19 16:00:00+00:00,SOL/USD,62.51397100826367,81.83,maker
2026-08-19 16:00:00+00:00,BNB/USD,5.385117963466968,616.65,maker
2026-08-19 21:00:00+00:00,BNB/USD,31.728756009890066,624.06,maker
2026-08-19 21:00:00+00:00,XRP/USD,8422.821540831246,1.1326698750000002,taker
2026-08-19 22:00:00+00:00,BTC/USD,0.24769059361911816,69709.46,maker
2026-08-20 17:00:00+00:00,XRP/USD,4441.661040559908,1.315,maker
2026-08-21 09:00:00+00:00,BTC/USD,-0.09431414088678203,79258.03,maker
2026-08-21 09:00:00+00:00,BNB/USD,-10.668687376924296,685.36,maker
2026-08-21 09:00:00+00:00,XRP/USD,-2597.201801862335,1.3997,maker
2026-08-22 03:00:00+00:00,SOL/USD,-39.42186879620789,95.63,maker
2026-08-22 03:00:00+00:00,BNB/USD,-9.553374922191747,712.4,maker
2026-08-22 07:00:00+00:00,XRP/USD,-2362.90335546347,1.5787,maker
2026-08-22 11:00:00+00:00,SOL/USD,-41.20728501731875,92.88,maker
2026-08-22 11:00:00+00:00,BNB/USD,-5.8015753594754464,690.91,maker
2026-08-27 00:00:00+00:00,SOL/USD,-38.902752568945914,102.07,maker
2026-08-29 03:00:00+00:00,XRP/USD,-3054.9500121176516,1.3827,maker
2026-08-29 04:00:00+00:00,BNB/USD,-17.74133597701527,688.51,maker
2026-09-01 03:00:00+00:00,BTC/USD,-0.1725287795989495,78449.99,maker
2026-09-02 11:00:00+00:00,ETH/USD,-4.716335945379744,2372.76,maker
2026-09-03 10:00:00+00:00,SOL/USD,-74.19711814733564,100.17,maker
2026-09-04 16:00:00+00:00,BNB/USD,18.223822699649116,716.64,maker
2026-09-05 02:00:00+00:00,XRP/USD,-2944.3002721642206,1.398290225,taker
2026-09-06 23:00:00+00:00,XRP/USD,4087.8835354370503,1.4237135250000001,taker
2026-09-07 00:00:00+00:00,BTC/USD,0.21405020164623315,80341.83,maker
2026-09-07 00:00:00+00:00,ETH/USD,5.438582096993874,2514.48,maker
2026-09-07 00:00:00+00:00,SOL/USD,95.8494106485923,106.55,maker
2026-09-10 13:00:00+00:00,SOL/USD,-89.06353729565464,98.94,maker
2026-09-10 14:00:00+00:00,BTC/USD,-0.33018618999098015,77400.3981985,taker
2026-09-10 14:00:00+00:00,SOL/USD,-61.975612660719875,100.1949685,taker
2026-09-10 14:00:00+00:00,XRP/USD,-4449.727408792584,1.36019594,taker
2026-09-11 14:00:00+00:00,ETH/USD,-1.6894468736505823,2629.62,maker
2026-09-12 13:00:00+00:00,BNB/USD,-17.226056202700484,736.27,maker
2026-09-14 18:00:00+00:00,XRP/USD,9687.248184843873,1.4774215800000001,taker
2026-09-15 19:00:00+00:00,XRP/USD,-6023.96126197486,1.3252,maker
2026-09-16 01:00:00+00:00,ETH/USD,-3.5365645170867177,2399.15,maker
2026-09-17 13:00:00+00:00,BNB/USD,17.90408275450846,728.82,maker
2026-09-17 14:00:00+00:00,XRP/USD,-3284.237883655842,1.30040491,taker
2026-09-18 03:00:00+00:00,SOL/USD,65.55895479219043,104.60568850000001,taker
2026-09-18 14:00:00+00:00,SOL/USD,89.00165151165187,108.54,maker
2026-09-18 15:00:00+00:00,BTC/USD,0.1361584768730178,80737.70884,taker
2026-09-18 20:00:00+00:00,ETH/USD,4.812847699636787,2636.71,maker
2026-09-20 22:00:00+00:00,XRP/USD,3733.289368936585,1.409911455,taker
2026-09-21 04:00:00+00:00,XRP/USD,-3890.551859276207,1.41878715,taker
2026-09-21 09:00:00+00:00,BTC/USD,0.155778251650908,83760.0,maker
2026-09-21 15:00:00+00:00,XRP/USD,3888.5987896623355,1.4952242500000001,taker
2026-09-25 12:00:00+00:00,XRP/USD,3551.541211588794,1.5947,maker
2026-09-28 09:00:00+00:00,BNB/USD,-17.28793208436362,762.29,maker
2026-09-28 10:00:00+00:00,BTC/USD,-0.15569416181465734,82666.01,maker
2026-09-28 10:00:00+00:00,ETH/USD,-4.149887887973922,2641.55,maker
2026-09-29 18:00:00+00:00,XRP/USD,-3896.6288907570943,1.4822,maker
2026-10-02 05:00:00+00:00,BTC/USD,0.15563083336313885,86652.12,maker
2026-10-02 05:00:00+00:00,SOL/USD,-30.213675964573525,123.49,maker
