start,ret,mdd,sharpe,sortino,calmar_raw,composite
2025-05-25 10:00:00+00:00,0.0027936269506148026,0.02157065649425416,0.813435609531716,1.1780646958176129,0.12951052052397893,1.7644958595307785
2025-05-26 10:00:00+00:00,-0.013674815129460338,0.023047326870570872,-4.151286689825028,-5.464890780458826,-0.5933362774023788,-7.35734840077308
2025-05-27 10:00:00+00:00,-0.01912401075700232,0.025592696115127933,-6.564197601427437,-8.421734187302693,-0.7472448651354887,-9.974507980880635
2025-05-28 10:00:00+00:00,-0.020642686153727108,0.025767055496342506,-7.520864531021984,-9.551390106440772,-0.801127088683347,-10.960629689921529
2025-05-29 10:00:00+00:00,-0.022537939409568164,0.022706333214356778,-10.374904929964947,-12.49398991856863,-0.9925838397948753,-14.0299366147792
2025-05-30 10:00:00+00:00,-0.02001424506675098,0.024957998051661878,-8.901594864924503,-10.76947644265146,-0.8019170858705268,-11.902715921415883
2025-05-31 10:00:00+00:00,-0.015423559485725158,0.024957998051661878,-7.169579169720683,-8.881284876535203,-0.6179806350573118,-9.708375379309015
2025-06-01 10:00:00+00:00,-0.015709797810583903,0.024957998051661878,-7.283121364056859,-9.005227632561168,-0.6294494365319431,-9.852545880152924
2025-06-02 10:00:00+00:00,-0.015249511780107028,0.02547995943447645,-7.004890500446969,-8.73447696440846,-0.5984904261453887,-9.481939044236093
2025-06-03 10:00:00+00:00,-0.02237885085405389,0.02547995943447645,-9.827923436993911,-11.841398205891563,-0.8782922481333895,-12.932765486481056
2025-06-04 10:00:00+00:00,-0.02233797075915034,0.02547995943447645,-10.046469802997931,-12.020891955976655,-0.876687846250071,-13.063008379399434
2025-06-05 10:00:00+00:00,-0.021611662894585493,0.02547995943447645,-9.742081785860554,-11.650323297616605,-0.848182782635955,-12.695739550343127
2025-06-06 10:00:00+00:00,-0.020611491516154712,0.021650792562893817,-9.429733919305347,-11.304988799440771,-0.9519970900039794,-13.156561333885882
2025-06-07 10:00:00+00:00,-0.01904402307664388,0.020831634794053366,-8.631053417244129,-10.421350717797122,-0.91418764129257,-12.435567951314091
2025-06-08 10:00:00+00:00,-0.010636474232753601,0.020431935830051207,-3.503835860196575,-5.163177130632276,-0.5205808358652693,-6.68882594662868
2025-06-09 10:00:00+00:00,-0.0016803250196620878,0.016812211043586878,-0.3630468525305779,-0.5584693048358048,-0.09994670036592589,-1.0977812947417827
2025-06-10 10:00:00+00:00,-0.02113921722286194,0.032996723390452565,-4.235261157130679,-5.648781314674509,-0.6406459505909142,-7.413173161460223
2025-06-11 10:00:00+00:00,-0.023187191551999775,0.03559247822749212,-4.583325299246561,-6.068295766713475,-0.6514632502911716,-7.658810071450121
2025-06-12 10:00:00+00:00,-0.02240001730806951,0.037765094991998205,-4.369818103598283,-5.796832276881934,-0.5931407643173068,-7.172852601450993
2025-06-13 10:00:00+00:00,-0.012400615875000853,0.037765094991998205,-2.4238167197708393,-3.2855934264178757,-0.32836183458901236,-4.247435635117374
2025-06-14 10:00:00+00:00,-0.015327349878527796,0.037765094991998205,-2.98670962164266,-4.047143115918762,-0.40586022309159836,-5.148154015489555
2025-06-15 10:00:00+00:00,-0.01592710164346056,0.037765094991998205,-3.110602177686791,-4.212810493194104,-0.4217413367246991,-5.335278494181284
2025-06-16 10:00:00+00:00,-0.018068728119536304,0.039760829376539464,-3.559041073646218,-4.808032961079539,-0.45443539289443496,-5.845654027815594
2025-06-17 10:00:00+00:00,-0.01760762325201759,0.041717062592431575,-3.5230307285806473,-4.787418773967607,-0.4220724604711745,-5.637684365668278
2025-06-18 10:00:00+00:00,-0.016987714984914803,0.041795984128147445,-3.389012891166155,-4.606899990892765,-0.4064437131766076,-5.4453360737752785
2025-06-19 10:00:00+00:00,-0.015582902022568734,0.041795984128147445,-3.096842207422995,-4.2161662083067295,-0.37283251842548315,-5.027205896820304
2025-06-20 10:00:00+00:00,-0.018517989415521408,0.0419257818636497,-3.6428947596328416,-4.949214674197976,-0.4416850108066032,-5.832627686620796
2025-06-21 10:00:00+00:00,-0.02082018201289726,0.044847199669509785,-4.092097096658617,-5.539036925904635,-0.4642470915982799,-6.267557697223048
2025-06-22 10:00:00+00:00,-0.02885765436208143,0.044847199669509785,-6.2516426828195275,-7.9798718846263075,-0.6434661377910035,-8.63913381468604
2025-06-23 10:00:00+00:00,-0.029268842939774165,0.03728836456293483,-7.580777262031597,-9.06047489184394,-0.7849323316493161,-10.235316905614155
2025-06-24 10:00:00+00:00,-0.008736770206397848,0.016126281963463662,-3.025674054258336,-4.061497255891111,-0.5417721348412621,-6.336598242299727
2025-06-25 10:00:00+00:00,-0.0028881532275470967,0.016126281963463662,-0.9402838840051168,-1.3014363531341964,-0.17909603925384723,-2.1538869578549815
2025-06-26 10:00:00+00:00,0.010621574944612133,0.016126281963463662,2.9819315910293867,4.70702259654384,0.65864995841427,8.677114825105376
2025-06-27 10:00:00+00:00,0.046067890557895064,0.015053774227922756,8.712844641096188,19.032323382542295,3.060221965628077,54.778911459652925
2025-06-28 10:00:00+00:00,0.06067765328206254,0.012813431845874024,9.627403658360102,17.75015704792714,4.735472433296704,95.33106427112274
2025-06-29 10:00:00+00:00,0.05863115592673873,0.017867377837060383,8.691497800212964,15.031443107674809,3.2814639317206593,65.99300435184038
2025-06-30 10:00:00+00:00,0.09551772571259409,0.017867377837060383,12.373554111588136,22.44914286733957,5.345928573496215,177.03328054466974
2025-07-01 10:00:00+00:00,0.06149621257866089,0.036276562493436026,7.290424914808736,11.525309580985121,1.6952050677290103,37.72203826830397
2025-07-02 10:00:00+00:00,0.08229453360700245,0.03856045641293082,8.318050224607028,12.66187258583506,2.1341690753277986,60.93270258910257
2025-07-03 10:00:00+00:00,0.12576538512760216,0.03856045641293082,11.531103485964383,18.04986270765311,3.261511839507899,173.62506378790968
2025-07-04 10:00:00+00:00,0.15696072256368798,0.03856045641293082,12.811288509634455,20.572973629751512,4.07050997744552,352.4581764368653
2025-07-05 10:00:00+00:00,0.15177699661183008,0.03856045641293082,11.8811794471996,18.637652911430582,3.9360788416636416,312.93924882447527
2025-07-06 10:00:00+00:00,0.16402246170685375,0.03856045641293082,12.459573595726026,19.548461939384335,4.253644198356808,411.8015354657039
2025-07-07 10:00:00+00:00,0.18252851308472984,0.03856045641293082,13.445471759644711,21.107353961111343,4.733567236084917,620.2731475423817
2025-07-08 10:00:00+00:00,0.17962954302949252,0.03856045641293082,12.779219826776842,19.73384511502268,4.658387367252628,581.3654671566296
2025-07-09 10:00:00+00:00,0.18144918651120268,0.03856045641293082,12.63186003730887,19.460767547931937,4.70557673301698,604.8884790646548
2025-07-10 10:00:00+00:00,0.13655329456789933,0.044099910466168346,9.159864149283377,13.377670440122605,3.096452875401129,192.71711717190635
2025-07-11 10:00:00+00:00,0.09639951145195025,0.044099910466168346,6.652961858662834,9.504867651387336,2.185934402880569,73.93759280251285
2025-07-12 10:00:00+00:00,0.09359672347067649,0.044099910466168346,6.591614674297996,9.401185710774607,2.1223789908253914,69.03978427859053
2025-07-13 10:00:00+00:00,0.1017421102923004,0.044099910466168346,7.211066794908127,10.329383109007798,2.3070820148343114,84.56067398622967
2025-07-14 10:00:00+00:00,0.07813718048757501,0.044099910466168346,5.7823566124864785,8.148593548372345,1.7718217488790293,46.557614472836185
2025-07-15 10:00:00+00:00,0.10512206058213613,0.044099910466168346,7.8686517926201,11.313415309554063,2.3837250341535614,92.22376362580279
2025-07-16 10:00:00+00:00,0.07514057857569356,0.044099910466168346,6.159160103614709,8.905247225171129,1.7038714541912359,43.587961988102464
2025-07-17 10:00:00+00:00,0.03734843317008685,0.044099910466168346,3.3384104063521285,4.700313623357073,0.8469049659123241,13.774381975011377
2025-07-18 10:00:00+00:00,-0.0001603091240921506,0.044099910466168346,0.11966455309727832,0.16037693895875527,-0.0036351349106509686,0.07167525657604763
2025-07-19 10:00:00+00:00,0.0023853428443409985,0.044099910466168346,0.371024582392446,0.5000381313262113,0.0540895167161606,0.7472756542798209
2025-07-20 10:00:00+00:00,-0.009155358898159882,0.044099910466168346,-0.8607834891808679,-1.14482333720686,-0.2076049316513579,-2.1665688522712565
2025-07-21 10:00:00+00:00,-0.029365718070992197,0.044099910466168346,-3.2404947703048363,-4.22207731866254,-0.6658906505835285,-6.33615729423
2025-07-22 10:00:00+00:00,-0.028140578111248482,0.044099910466168346,-3.4284993952460656,-4.481378629100287,-0.6381096427131476,-6.391714039205132
2025-07-23 10:00:00+00:00,-0.030410081139543466,0.036491637404833965,-4.020519473376415,-5.175525141446765,-0.8333438371695294,-7.822402631669738
2025-07-24 10:00:00+00:00,-0.009257737878148764,0.035423836255425334,-1.6751026253648105,-2.4630241375048705,-0.2613420469594367,-3.3113071532584097
2025-07-25 10:00:00+00:00,-0.012185605061272864,0.0371321152508135,-3.073923191171838,-4.101314591806215,-0.3281688904325454,-4.77314838162431
2025-07-26 10:00:00+00:00,-0.008273772192751716,0.03932061843464152,-2.1149767703287643,-3.052575340526638,-0.21041816029685106,-3.3414087216886044
2025-07-27 10:00:00+00:00,-0.016852873813635094,0.03932061843464152,-4.186516836673137,-5.812965703862424,-0.4286014433279536,-6.312317457326889
2025-07-28 10:00:00+00:00,-0.02180593118598928,0.0360492393064048,-5.329762218675837,-7.306234044488437,-0.6048929632230842,-8.159642912930748
2025-07-29 10:00:00+00:00,-0.01852961426051436,0.02853867005665367,-4.46137335331858,-6.248402963398796,-0.64928093088186,-7.894554091359451
2025-07-30 10:00:00+00:00,0.015069755368640525,0.02766339157026998,3.3037354694604915,5.180051378270807,0.5447544394677941,8.235179025156729
2025-07-31 10:00:00+00:00,0.0089036350857008,0.026243509421834732,1.7268511756684701,2.537971080593664,0.3392699864406447,4.5052841901238265
2025-08-01 10:00:00+00:00,0.0051841222912583085,0.03901511787375045,0.8199579081948515,1.0267454239085998,0.1328747053394451,1.7663895916582746
2025-08-02 10:00:00+00:00,-0.0067528117452420044,0.04728955851196304,-0.7946345413359439,-0.9845256089772414,-0.14279709850819855,-1.659461822042227
2025-08-03 10:00:00+00:00,0.005695528836167751,0.04728955851196304,0.8399380322509252,1.0509659860069123,0.12043945884432247,1.684810710352528
2025-08-04 10:00:00+00:00,-0.014048449231646942,0.051828860814266076,-1.6716983340995135,-2.0622796309643268,-0.2710545632478972,-3.111978211817709
2025-08-05 10:00:00+00:00,-0.009958852696418719,0.052530483306050146,-1.1117729804411687,-1.3787015461466239,-0.18958235427603076,-2.1966806092634537
2025-08-06 10:00:00+00:00,-0.016746134919001565,0.05703697230795124,-1.9212307735007246,-2.3701037124912716,-0.29360139995837525,-3.397679961656036
2025-08-07 10:00:00+00:00,-0.010088007245167452,0.05703697230795124,-1.1046964120322411,-1.366755050500248,-0.17686786021356068,-2.0999020234091854
2025-08-08 10:00:00+00:00,-0.00860158971451419,0.05703697230795124,-0.9266975635145608,-1.1454708454675049,-0.1508072635425476,-1.796899317821431
2025-08-09 10:00:00+00:00,-0.016923051846745585,0.05703697230795124,-1.9824228322156527,-2.417943582073246,-0.29670319377009474,-3.4510238246628564
2025-08-10 10:00:00+00:00,-0.014022587772162365,0.05703697230795124,-1.6487864832850831,-2.0092224735203525,-0.24585084384304787,-2.9183523982496347
2025-08-11 10:00:00+00:00,-0.02315617398684744,0.05703697230795124,-2.8164000760971035,-3.4058396428762023,-0.40598532933732445,-4.6114403994146205
2025-08-12 10:00:00+00:00,-0.021912389813490973,0.0608299681612704,-2.6813833307732358,-3.2325541206471065,-0.3602235949786719,-4.2613949355140175
2025-08-13 10:00:00+00:00,-0.04132492875472382,0.0608299681612704,-5.4052422902510076,-6.320601550733838,-0.6793514776329413,-7.44042974658257
2025-08-14 10:00:00+00:00,-0.03660271221077649,0.05109366188251785,-5.163203777768337,-5.9595686960214085,-0.7163845937474377,-7.583410465617867
2025-08-15 10:00:00+00:00,-0.02486207393642126,0.03386581856666171,-4.6781973739038705,-5.771506177299637,-0.7341347408296829,-7.975441118333269
2025-08-16 10:00:00+00:00,-0.009189450874960148,0.03052279226617516,-1.928665058978207,-2.4685704636785184,-0.3010684866188911,-3.668533599503422
2025-08-17 10:00:00+00:00,-0.02068028995460547,0.03052279226617516,-4.5979251512207036,-5.72358466696506,-0.6775359794825526,-7.797390803269835
2025-08-18 10:00:00+00:00,-0.002136720035662454,0.016529498926999064,-0.48744683515360354,-0.6442852941057026,-0.12926707851817357,-1.3883786452890763
2025-08-19 10:00:00+00:00,-0.004417285012070282,0.016529498926999064,-1.2395582782492423,-1.6267205065316395,-0.26723647411084844,-3.0009856624284152
2025-08-20 10:00:00+00:00,0.0022692557686851966,0.016529498926999064,0.7504624653562277,1.041779721064899,0.13728521225641174,1.746725789246561
2025-08-21 10:00:00+00:00,-0.001110129640270907,0.016529498926999064,-0.31873963603055017,-0.4389620949549806,-0.06716051376836572,-0.7892524970021624
2025-08-22 10:00:00+00:00,-0.003754161642491316,0.016529498926999064,-1.1798875659640164,-1.6259252571304765,-0.22711890173266644,-2.699596166726871
2025-08-23 10:00:00+00:00,-0.007915207202195518,0.016529498926999064,-2.621910456257664,-3.5751634624033404,-0.4788534266617679,-5.61289635908085
2025-08-24 10:00:00+00:00,-0.006879416724462573,0.016529498926999064,-2.3364420374527084,-3.217593451224258,-0.41619027623552607,-4.977348103742135
2025-08-25 10:00:00+00:00,-0.0018223912045821633,0.012980216379714804,-0.6684875839036629,-0.9517595392628634,-0.14039759825808112,-1.654636585942011
2025-08-26 10:00:00+00:00,0.004106079154841291,0.012980216379714804,1.7891665427582024,2.773542424221842,0.3163336445807006,4.25199756227417
2025-08-27 10:00:00+00:00,-0.0018437903409124212,0.012980216379714804,-0.7819676749938511,-1.1541410275140933,-0.14204619452984282,-1.7819478760981318
2025-08-28 10:00:00+00:00,-0.00026441095868057207,0.012980216379714804,-0.08433906414496231,-0.12826346213418718,-0.020370304388283363,-0.23540500843913825
2025-08-29 10:00:00+00:00,0.010952241187891731,0.010646252869541573,4.776701833012137,8.153194502002464,1.0287414099683445,13.948736375548679
2025-08-30 10:00:00+00:00,0.029035291716174916,0.008593306683084667,10.737749540298367,20.751148765489823,3.378826427006136,50.23767602649946
2025-08-31 10:00:00+00:00,0.026995585479798745,0.010362985219499299,8.394586004341962,13.512687956668692,2.605000866835461,36.949923452646715
2025-09-01 10:00:00+00:00,0.013067538429121672,0.022110303459353053,3.067767038507023,4.056841579205923,0.5910157883244189,8.00862751966343
2025-09-02 10:00:00+00:00,0.01402592032276151,0.022110303459353053,3.162789928634497,4.222987004268222,0.6343612763409764,8.578655955137389
2025-09-03 10:00:00+00:00,0.019407759879113806,0.022110303459353053,3.9736029985923103,5.510997862200602,0.8777699462511889,12.224077599796951
2025-09-04 10:00:00+00:00,0.04044450695088786,0.022110303459353053,6.820913929873522,10.794251507152294,1.8292153712516828,30.94159022784305
2025-09-05 10:00:00+00:00,0.03255224331882878,0.022110303459353053,5.2838965922841945,8.09968894052662,1.4722657867935591,22.534291451996776
2025-09-06 10:00:00+00:00,0.02512610704976126,0.028108340119274655,3.914560078270728,5.779020376283996,0.89390219924554,13.19586525174315
2025-09-07 10:00:00+00:00,0.037160893433202835,0.028108340119274655,5.549813247476822,8.325519931771145,1.3220593345432232,21.954485274979117
2025-09-08 10:00:00+00:00,0.02207609559331769,0.028108340119274655,3.2525573934181056,4.7292538142000975,0.7853930719366637,11.05386102204722
2025-09-09 10:00:00+00:00,0.015312038893953384,0.033788834821624536,2.279294525882655,3.289963895559712,0.4531685976976579,6.31603970627722
2025-09-10 10:00:00+00:00,0.014640093250209318,0.033788834821624536,2.1788579991637764,3.1353056031283986,0.43328197990537975,5.998253738412894
2025-09-11 10:00:00+00:00,0.007881616921728396,0.033788834821624536,1.22536911581399,1.7518530145502216,0.23326098586519578,3.0849796076673828
2025-09-12 10:00:00+00:00,0.0030677183656369067,0.033788834821624536,0.533428848579286,0.7581580032353772,0.09079088941159924,1.201398744834612
2025-09-13 10:00:00+00:00,-0.018865758539867605,0.03446982051587333,-2.724726725047661,-3.783197055666698,-0.5473123520089098,-5.7369539781625
2025-09-14 10:00:00+00:00,-0.0166942424610258,0.03446982051587333,-2.484564308940957,-3.486412608243622,-0.4843147487042502,-5.231904566120376
2025-09-15 10:00:00+00:00,-0.006478141589375874,0.038899202246009956,-1.0204773310407966,-1.5343177686507892,-0.16653661811381654,-2.1219451461470156
2025-09-16 10:00:00+00:00,-0.01063504966201545,0.04118458320507379,-1.7549463041742406,-2.6155340567103504,-0.25822890106862245,-3.3447832906567605
2025-09-17 10:00:00+00:00,-0.018550432524862326,0.04194745895198948,-3.3347439180819936,-4.840667141085293,-0.4422301848151047,-5.699121545135286
2025-09-18 10:00:00+00:00,-0.03674957652034194,0.04356808739125739,-8.382533534589735,-10.257969841033892,-0.8434975855221111,-10.909478650415169
2025-09-19 10:00:00+00:00,-0.01678751202966755,0.036306581763596024,-3.928199096885137,-5.002118285682384,-0.4623820589604526,-6.128012351305721
2025-09-20 10:00:00+00:00,-0.000809813205313703,0.036306581763596024,-0.1332781850785102,-0.19146355944429724,-0.02230485950417091,-0.2892651948661378
2025-09-21 10:00:00+00:00,-0.007886601292921291,0.03193252262323887,-1.7603049389451866,-2.496587041852649,-0.24697708308149208,-3.2790166647277474
2025-09-22 10:00:00+00:00,0.012042065597931861,0.01909639500128124,2.8689944907046128,4.462086237111934,0.6305936590190934,8.399425624946758
2025-09-23 10:00:00+00:00,0.02414915185416966,0.018175578972739026,5.119672516543294,7.870376490845566,1.3286592900501384,18.92637481924772
2025-09-24 10:00:00+00:00,0.007957976622321228,0.03181904877303898,1.3696568417939443,1.8556282663608243,0.2501010221607946,3.317491923975896
2025-09-25 10:00:00+00:00,-0.0009883528136793718,0.03416731666947981,-0.04610704702586136,-0.06110596839099012,-0.02892684910671445,-0.2617427267727257
2025-09-26 10:00:00+00:00,-0.009062036618777136,0.04215267109581222,-1.1219079624296842,-1.4724623320017782,-0.21498131395230682,-2.429196949150584
2025-09-27 10:00:00+00:00,-0.023639574439765165,0.05748077283150077,-2.9966132659503852,-3.851261280745639,-0.41126055331688477,-4.861441913770729
2025-09-28 10:00:00+00:00,-0.01777283901033888,0.05748077283150077,-2.2083665238958816,-2.848928334977171,-0.30919624310616367,-3.75117989283752
2025-09-29 10:00:00+00:00,-0.008514148349583861,0.05748077283150077,-0.9988116495589443,-1.2954643239386714,-0.14812167495628928,-1.86074965811811
2025-09-30 10:00:00+00:00,-0.010908226729745896,0.05748077283150077,-1.3157706504979767,-1.707890804573321,-0.1897717478803267,-2.3759075461356254
2025-10-01 10:00:00+00:00,-0.010019915423327364,0.05748077283150077,-1.2054692270120848,-1.566453534372743,-0.17431768798063588,-2.1933882685529618
2025-10-02 10:00:00+00:00,-0.010446751845758162,0.05748077283150077,-1.2628527862474828,-1.6402177169315284,-0.18174341316498627,-2.2849864921144896
2025-10-03 10:00:00+00:00,-0.01499324067133978,0.05748077283150077,-1.8816092210235866,-2.429435494417354,-0.26083923254287117,-3.235338001989231
2025-10-04 10:00:00+00:00,-0.025334229844605538,0.05748077283150077,-3.3956627714311978,-4.2704592303089415,-0.4407426796238516,-5.272697463937531
2025-10-05 10:00:00+00:00,-0.030058917020262643,0.05748077283150077,-4.19194177148657,-5.187665432198996,-0.5229386373836239,-6.196567169730919
2025-10-06 10:00:00+00:00,-0.039256769732711305,0.05748077283150077,-5.656287898824603,-6.916120583517093,-0.682954800343215,-7.8453111173255365
2025-10-07 10:00:00+00:00,-0.04309392988139038,0.05748077283150077,-6.576306592524004,-7.948558728813207,-0.7497103424081648,-8.716313915095625
2025-10-08 10:00:00+00:00,-0.027401352825068503,0.04462099164945521,-5.119339325897395,-6.277838512044912,-0.6140910771399912,-7.511898094075379
2025-10-09 10:00:00+00:00,-0.01937099659363961,0.03313346786500204,-4.899431589761902,-5.935691183645571,-0.5846353503522236,-7.461253595600594
2025-10-10 10:00:00+00:00,-0.015657868341631742,0.023063567082959313,-5.007426374235502,-6.019397361461273,-0.6789005484412112,-8.297597022124563
2025-10-11 10:00:00+00:00,0.0031660815390932573,0.01164548357282913,1.4524733882484553,2.0496698339183657,0.27187205402790293,3.4686174999487003
2025-10-12 10:00:00+00:00,-0.002302139672383352,0.01164548357282913,-1.0984461297179275,-1.4820850790717317,-0.19768519340447405,-2.424740722647023
2025-10-13 10:00:00+00:00,-0.004734938312360493,0.009673922841746951,-2.4351817239219034,-3.1755144649168097,-0.48945380171188557,-5.610162557743007
2025-10-14 10:00:00+00:00,-2.5394812979917525e-05,0.009673922841746951,0.013058997066893724,0.01741063298990287,-0.0026250791323586408,-0.00964338178501662
2025-10-15 10:00:00+00:00,-0.003795593809382325,0.012006165513869349,-1.5564462862852615,-1.9817232801714948,-0.31613705516534063,-3.6181229224672817
2025-10-16 10:00:00+00:00,-0.011019687023445468,0.019783949306384607,-3.5445999339315475,-4.463199058330868,-0.5570013778739937,-6.653382606244016
2025-10-17 10:00:00+00:00,-0.028133111316989368,0.028853914429628702,-8.859642162131196,-10.693843780805071,-0.975018879521623,-12.391714093419598
2025-10-18 10:00:00+00:00,-0.026005145411545527,0.027730391370314633,-8.222077563894148,-9.965117605320971,-0.9377850122729973,-11.828341597267135
2025-10-19 10:00:00+00:00,-0.024999014825474286,0.028942376099079903,-7.887919589118734,-9.580621358721254,-0.8637512946377965,-11.20690669587013
2025-10-20 10:00:00+00:00,-0.01299435357806833,0.028942376099079903,-3.9271582850962297,-4.932705578204885,-0.44897328172310735,-6.146239466283233
2025-10-21 10:00:00+00:00,-0.0036644129910008427,0.028942376099079903,-0.7955702810160044,-1.2187529135868278,-0.12661064794598315,-1.6722687158154725
2025-10-22 10:00:00+00:00,0.003114839268508307,0.028942376099079903,0.7140887209007462,1.0997265076914908,0.10762209909252508,1.5295801311732782
2025-10-23 10:00:00+00:00,-0.0016247921464378479,0.02737807332401776,-0.26785794163545273,-0.40769318045931113,-0.05934647508641444,-0.698276711182716
2025-10-24 10:00:00+00:00,0.008082616481062788,0.02737807332401776,1.635782386485763,2.514556960056621,0.2952222526912517,4.055480592635822
2025-10-25 10:00:00+00:00,-0.0018370756600789573,0.02737807332401776,-0.27357137773337015,-0.40725806646077134,-0.06710025348888811,-0.75788465528622
2025-10-26 10:00:00+00:00,0.00025224929848088884,0.02737807332401776,0.11701222325073607,0.1750937412153572,0.009213551863037782,0.17743263579265478
2025-10-27 10:00:00+00:00,-0.016250161666144458,0.027100346051923685,-2.846665874158404,-4.120940141848537,-0.5996293049177119,-6.350640817926401
2025-10-28 10:00:00+00:00,-0.01164887324612085,0.02719306432188906,-1.960903284603457,-2.874255259743546,-0.4283766297255469,-4.642034495986584
2025-10-29 10:00:00+00:00,-0.004400404792403223,0.02719306432188906,-0.7051306081547756,-1.0527899284572786,-0.1618208503578288,-1.8309119362386683
2025-10-30 10:00:00+00:00,0.003250497112430528,0.02719306432188906,0.6766161464868783,1.0454434102214543,0.11953405007813114,1.595197485876859
2025-10-31 10:00:00+00:00,0.024579871545679977,0.02719306432188906,4.6452162021594035,7.432462352872038,0.9039022323752754,14.112513781829957
2025-11-01 10:00:00+00:00,0.024674646287079938,0.02719306432188906,4.541962970772242,7.205288754626013,0.9073874865664948,14.040835933418997
2025-11-02 10:00:00+00:00,0.02322125717400869,0.02719306432188906,4.257303625503651,6.729417352259862,0.8539404349261491,13.00840825006961
2025-11-03 10:00:00+00:00,0.015247440203120854,0.02719306432188906,2.818121011433755,4.43651279246442,0.5607106291013855,7.956057478718685
2025-11-04 10:00:00+00:00,0.007831527402018867,0.02719306432188906,1.6487197348909188,2.37856723335561,0.2879972374321521,3.9342802390136202
2025-11-05 10:00:00+00:00,0.0006020743242263205,0.026484466045302746,0.19160401001814586,0.27331730403665877,0.022733111673705186,0.34596201352134426
2025-11-06 10:00:00+00:00,0.00902951165257071,0.026484466045302746,1.985984670448645,2.8790020648425823,0.34093614109966824,4.738895118505047
2025-11-07 10:00:00+00:00,0.025907448044806936,0.026484466045302746,5.191392392692022,8.17653834985292,0.9782129645540598,15.56727925328195
2025-11-08 10:00:00+00:00,0.034796787506728766,0.017764163929538945,6.706088472507551,10.727375629476755,1.9588193198818273,30.612208079833238
2025-11-09 10:00:00+00:00,0.023839059979754218,0.016032072634933447,4.614087695590943,7.204479783184703,1.486960577249978,20.138423383715086
2025-11-10 10:00:00+00:00,0.03886701867389064,0.014429991109838003,7.468682145570629,12.197289026355147,2.6934887470160733,42.51145792841171
2025-11-11 10:00:00+00:00,0.027081899459117542,0.02235908572542611,5.261398442383601,8.212502417427183,1.2112257089439389,18.375545177133912
2025-11-12 10:00:00+00:00,0.024908832537502867,0.02235908572542611,4.817998300340133,7.4925694073680535,1.1140362733694993,16.507829504833524
2025-11-13 10:00:00+00:00,0.014229136344187765,0.027007550034898298,2.7351779875395317,4.108468059359953,0.5268577240735027,7.411016801746467
2025-11-14 10:00:00+00:00,0.004508790496301485,0.027107659805793438,0.9232226127789782,1.3709903056360704,0.16632902023279295,2.2025539501889972
2025-11-15 10:00:00+00:00,0.008002304036982544,0.027494649572208596,1.6195968960245664,2.4222808589204488,0.29104950095713233,3.9749367639711
2025-11-16 10:00:00+00:00,0.009464923781623558,0.027494649572208596,1.9138896215016068,2.873788024559857,0.34424602345871097,4.761284560241876
2025-11-17 10:00:00+00:00,0.015134901837144499,0.027494649572208596,2.9846949131758658,4.568254390165295,0.550467166253421,7.953476294048909
2025-11-18 10:00:00+00:00,0.00689474543331392,0.027494649572208596,1.4325600075290224,2.152395595415736,0.25076680519991357,3.4313647200455435
2025-11-19 10:00:00+00:00,-0.009803735324559693,0.03698276461365091,-1.8616159046704928,-2.6829701413435756,-0.2650893038142687,-3.4691967092797102
2025-11-20 10:00:00+00:00,-0.011865132738528295,0.038174306191272045,-2.3964125180047224,-3.429114244056784,-0.3108146269660579,-4.192186491459843
2025-11-21 10:00:00+00:00,-0.03297867730432713,0.038174306191272045,-7.870093814960009,-10.043221848540796,-0.8638972281274149,-10.958717695286502
2025-11-22 10:00:00+00:00,-0.03138026653822723,0.03553150719614773,-8.530602049704925,-10.666255417006669,-0.8831673355423952,-11.591799682445918
2025-11-23 10:00:00+00:00,-0.023832818192574212,0.028478103091997164,-6.720502690427622,-8.51156108247555,-0.8368822219507887,-10.33835578907542
2025-11-24 10:00:00+00:00,-0.02312535797435833,0.028055742808226314,-7.03469340003348,-8.680544915937276,-0.8242646837915006,-10.46552633221333
2025-11-25 10:00:00+00:00,-0.01827095388384603,0.02457702040643095,-6.039471283898177,-7.643932949765683,-0.7434161497894659,-9.52844714799643
2025-11-26 10:00:00+00:00,-0.015457180294112582,0.02457702040643095,-5.210890612966379,-6.704579825646448,-0.6289281629138403,-8.319412854253454
2025-11-27 10:00:00+00:00,-0.006732238429097537,0.02457702040643095,-2.470286584031939,-3.374662589376904,-0.27392410950417506,-4.06201667316923
2025-11-28 10:00:00+00:00,-0.007850647761896146,0.02457702040643095,-2.975359031270021,-4.061623127630153,-0.3194304123148266,-4.784593262735086
2025-11-29 10:00:00+00:00,-0.01100851463725272,0.02457702040643095,-4.279769141255649,-5.7876134357635864,-0.4479190095139513,-6.65899919371777
2025-11-30 10:00:00+00:00,-0.009914129266464289,0.02457702040643095,-3.8833995995336243,-5.24272919674309,-0.4033902036338834,-6.05456698055247
2025-12-01 10:00:00+00:00,-0.017010434294586485,0.02457702040643095,-7.7093748620629015,-9.197159220638325,-0.6921276059214829,-10.393946341775028
2025-12-02 10:00:00+00:00,-0.011282807728879574,0.01816690153910272,-5.082311141323446,-6.228494855128939,-0.6210639554903892,-8.244993632090436
2025-12-03 10:00:00+00:00,0.005791058838016561,0.004448321987089221,3.3175665820228133,5.289950881902752,1.3018524411732086,14.068308782546845
2025-12-04 10:00:00+00:00,0.008902194113422857,0.008212776396622323,3.5099456292628566,5.968873868904405,1.083944537572467,12.935823443055217
2025-12-05 10:00:00+00:00,0.0037539202165746133,0.011635719603540928,1.1283296450089033,1.743277846306078,0.3226203745432502,3.6815617380281305
2025-12-06 10:00:00+00:00,0.0008631897122493015,0.015039016918147019,0.28804282079690674,0.44042353655427585,0.05739668470003001,0.7163978157099309
2025-12-07 10:00:00+00:00,-0.00044437938323560466,0.016007435164639205,-0.07669519197416064,-0.11688519798325955,-0.027760811064676306,-0.2856865965997132
2025-12-08 10:00:00+00:00,-0.002368650833317276,0.01695682246792063,-0.6040274593205837,-0.9253751273950749,-0.13968718713652592,-1.612078975976921
2025-12-09 10:00:00+00:00,0.001828585209036504,0.01793348410516593,0.5484636995820135,0.8452596166667502,0.10196486072161297,1.3187059469522278
2025-12-10 10:00:00+00:00,0.0013745948011743003,0.01793348410516593,0.42875312165389207,0.6524365015989956,0.07664962330316694,0.9995554049095332
2025-12-11 10:00:00+00:00,0.0012863223158410264,0.01793348410516593,0.4037860218056274,0.6143046733151298,0.07172740713950211,0.9370088142750141
2025-12-12 10:00:00+00:00,0.0021065322736533165,0.01793348410516593,0.6312523250133178,0.9610670477335927,0.1174636373668465,1.5172119527945453
2025-12-13 10:00:00+00:00,0.0012927838688456816,0.01793348410516593,0.40643133175613017,0.616627389012178,0.07208771375737755,0.9416421464873315
2025-12-14 10:00:00+00:00,-0.0008016839764840578,0.01793348410516593,-0.17638905520834441,-0.26725385288675546,-0.044703191626501854,-0.5059697776093677
2025-12-15 10:00:00+00:00,-0.0017005119632911292,0.019938498281653283,-0.42111616822833764,-0.640240278359369,-0.08528786567922628,-1.0354759672710645
2025-12-16 10:00:00+00:00,-0.004979351693820688,0.019938498281653283,-1.345424347445188,-2.029576607445707,-0.2497355429421942,-3.051557287089021
2025-12-17 10:00:00+00:00,-0.008062058449903042,0.019938498281653283,-2.2542852184501396,-3.3809505686536725,-0.4043463221762027,-4.891358758564854
2025-12-18 10:00:00+00:00,-0.009666195188589799,0.019938498281653283,-3.1914905360008374,-4.5587372676908675,-0.48480056281291245,-6.1470397864298665
2025-12-19 10:00:00+00:00,-0.0024280950621610176,0.010071043017595982,-1.1648968089349048,-1.7863957733800258,-0.24109668262946396,-2.893453205461671
2025-12-20 10:00:00+00:00,0.00703965840609766,0.007852617287829489,2.7829072972033373,4.918481675197493,0.8964728762483043,10.46914087784116
2025-12-21 10:00:00+00:00,0.017830347803907687,0.007852617287829489,6.582172904379708,12.218124435073406,2.270624831232047,29.22219083701087
2025-12-22 10:00:00+00:00,0.025441738160594918,0.007852617287829489,8.350546227705099,15.392185177073856,3.2399055280621183,44.00639490925501
2025-12-23 10:00:00+00:00,0.04148052627636756,0.007852617287829489,10.774234340827515,19.455389490538213,5.2823822626192225,83.04004809319557
2025-12-24 10:00:00+00:00,0.021957401527189724,0.03251786047802807,3.0805961618289794,3.9566016397848824,0.6752412737002201,9.53382669740735
2025-12-25 10:00:00+00:00,-0.004161520524321061,0.0508619812852843,-0.4123484644255735,-0.5116814173277117,-0.08181986661076251,-0.9360292439919601
2025-12-26 10:00:00+00:00,-0.0003944178464965198,0.05275472642211665,0.06427800600665105,0.08117394103111417,-0.007476445680726075,-0.006435294733198184
2025-12-27 10:00:00+00:00,0.0027187266685479994,0.05275472642211665,0.42382993887204856,0.5407192508480062,0.05153522448006124,0.7605576016495641
2025-12-28 10:00:00+00:00,0.005358431395685148,0.05275472642211665,0.7209412709912942,0.9211025164829377,0.10157253689100175,1.4348968366583958
2025-12-29 10:00:00+00:00,0.002911280940569805,0.05275472642211665,0.4399216722786206,0.5650925962335008,0.055185215392365164,0.8057672142138155
2025-12-30 10:00:00+00:00,0.00929735432356682,0.05275472642211665,1.1357267396144726,1.4652808665629606,0.17623737158968641,2.4785675649986847
2025-12-31 10:00:00+00:00,0.021806101161518265,0.05275472642211665,2.421027578458411,3.181400434767356,0.41334876778692525,6.2916984103176485
2026-01-01 10:00:00+00:00,0.028257172380728113,0.05275472642211665,2.943767046407743,3.950632024389949,0.5356330000582035,8.535670660517782
2026-01-02 10:00:00+00:00,0.013322996203520843,0.05275472642211665,1.4421928745321628,1.9223000854354937,0.2525460201786843,3.544888469840383
2026-01-03 10:00:00+00:00,0.008129788011651318,0.05275472642211665,0.9351764719266934,1.2355550910584079,0.1541053961042441,2.1113397446407363
2026-01-04 10:00:00+00:00,-0.0006353734597674965,0.05275472642211665,0.06851716470551479,0.09037955661707514,-0.012043915358096246,-0.03674716795170016
2026-01-05 10:00:00+00:00,-0.028353729622312307,0.052968152098210264,-2.554291157875158,-3.2161083214840893,-0.5352976930314763,-5.0408753137152456
2026-01-06 10:00:00+00:00,-0.05295084030057229,0.06001425436540542,-5.058466117722178,-6.27174480699325,-0.8823043935224703,-7.814828958146155
2026-01-07 10:00:00+00:00,-0.04195610405640027,0.04893268746289148,-4.959485071650227,-6.322601981690446,-0.8574248877750285,-8.142301209543646
2026-01-08 10:00:00+00:00,-0.018172892063617607,0.05015381000151786,-2.2600999373711197,-3.0019232482166394,-0.3623432011061098,-4.152235119539853
2026-01-09 10:00:00+00:00,-0.019419983324071244,0.05015381000151786,-2.5950906129236198,-3.3912486607477352,-0.38720853557254203,-4.529323798578294
2026-01-10 10:00:00+00:00,-0.02194974030456709,0.05015381000151786,-3.1023909206796114,-3.99969562175435,-0.4376485117262836,-5.158532637459729
2026-01-11 10:00:00+00:00,-0.022604699737844736,0.05015381000151786,-3.22813356646826,-4.153060889680985,-0.45070752824482574,-5.315664064606539
2026-01-12 10:00:00+00:00,-0.018059322790305532,0.05015381000151786,-2.6657767930547345,-3.395809422669233,-0.36007878144769023,-4.42029364190973
2026-01-13 10:00:00+00:00,-0.023991143898282385,0.05015381000151786,-3.655685010841104,-4.6142979071362324,-0.4783513734561006,-5.7481612182564525
2026-01-14 10:00:00+00:00,-0.03655887296485738,0.05015381000151786,-6.068091647768984,-7.32708724608081,-0.728935109092429,-8.467608890893308
2026-01-15 10:00:00+00:00,-0.04247013403102007,0.045564800251114645,-8.37962829689083,-9.2477959237667,-0.9320820852272063,-10.673273503811908
2026-01-16 10:00:00+00:00,-0.030820338853105644,0.041324151019581534,-6.53171612249252,-7.1497712703809215,-0.7458190451027382,-8.869449895398823
2026-01-17 10:00:00+00:00,-0.030999436863560104,0.041324151019581534,-6.840580355462761,-7.4218923386932145,-0.7501530242901048,-9.086385369484136
2026-01-18 10:00:00+00:00,-0.012364419374287228,0.04028120397114021,-2.4156305420771327,-2.8599421810828076,-0.3069525772652132,-3.9317786553532184
2026-01-19 10:00:00+00:00,0.014166397537000552,0.01595549653786077,3.666310756831094,5.857576084232139,0.8878694250213481,11.772946516666334
2026-01-20 10:00:00+00:00,0.021867376826856466,0.014745035092570635,5.399896347990351,8.876393563935357,1.483033216914788,20.58526041201392
2026-01-21 10:00:00+00:00,0.032270729586544755,0.014745035092570635,6.32313139643904,9.89796083209534,2.188582759142061,32.07904842375806
2026-01-22 10:00:00+00:00,0.057304285473166905,0.014745035092570635,10.460801496068182,17.021407529906277,3.886344461942988,76.57785097119725
2026-01-23 10:00:00+00:00,0.07266665415801143,0.014745035092570635,10.986550886256987,17.677096259981717,4.9282116795113575,116.7090595476858
2026-01-24 10:00:00+00:00,0.0668236937994029,0.027797705565241748,9.67506754104308,15.283338145401425,2.4039283977077317,56.50471819955187
2026-01-25 10:00:00+00:00,0.06030891157192175,0.027797705565241748,8.597076195079211,13.385247905834786,2.169564370353358,46.81982250825155
2026-01-26 10:00:00+00:00,0.06651900105184261,0.027797705565241748,9.246950129008598,14.42298584618102,2.3929673222748993,55.59971977536112
2026-01-27 10:00:00+00:00,0.06459976085422237,0.027797705565241748,8.83460640208049,13.7025988379368,2.323924206715748,52.53415377513606
2026-01-28 10:00:00+00:00,0.0774012754102058,0.027797705565241748,10.382543374045351,16.239194542943835,2.7844483505497792,74.19531362799044
2026-01-29 10:00:00+00:00,0.06919881284835294,0.027797705565241748,9.210490647494312,14.314884949812122,2.4893713866398794,59.4569553990342
2026-01-30 10:00:00+00:00,0.07251956676733684,0.027797705565241748,9.569435809523416,14.931991045335502,2.6088328260450138,65.012061360909
2026-01-31 10:00:00+00:00,0.061174115876820645,0.027797705565241748,8.12124534574793,12.560828754888508,2.2006893962253042,47.41506024889412
2026-02-01 10:00:00+00:00,0.036256957783936006,0.027797705565241748,5.128210996446881,7.64965880703275,1.3043147643549295,21.119174018785426
2026-02-02 10:00:00+00:00,0.03660875820886833,0.027797705565241748,5.3678318755890215,8.052688441372736,1.316970500423025,21.59505283587061
2026-02-03 10:00:00+00:00,0.03919145703573834,0.027797705565241748,5.816198803299251,8.76545490314767,1.4098810041625645,23.86164617428438
2026-02-04 10:00:00+00:00,0.03258334364134696,0.027797705565241748,5.403287867537994,8.283924342793659,1.1721594634806543,19.040039886458278
2026-02-05 10:00:00+00:00,0.01309466642339352,0.027797705565241748,2.3485520425369693,3.4929050456897333,0.4710700454273136,6.45960945896519
2026-02-06 10:00:00+00:00,-0.0034558177320462846,0.018677699457019692,-0.7152322475384524,-1.0246426932204094,-0.18502373592629337,-2.0105887481747144
2026-02-07 10:00:00+00:00,0.0022150368929112485,0.018677699457019692,0.6063171770890481,0.8853251316939699,0.11859259744533286,1.489808120196237
2026-02-08 10:00:00+00:00,0.007553273687519901,0.018677699457019692,2.0496384622323918,3.1036123533063615,0.4044006439284006,5.337785905573321
2026-02-09 10:00:00+00:00,0.0024319058350132927,0.018677699457019692,0.6889915421269849,1.03671769398531,0.13020371382511473,1.6714239563567892
2026-02-10 10:00:00+00:00,0.01438383828540446,0.018677699457019692,3.919426045033659,6.117405859297326,0.7701075990918433,10.868652859510014
2026-02-11 10:00:00+00:00,-0.004612911967504907,0.018677699457019692,-1.166042981718179,-1.6264809482814901,-0.24697431169828699,-2.824421562697088
2026-02-12 10:00:00+00:00,-0.011033373126226542,0.023912373657018593,-2.884429134950269,-3.935798355648953,-0.46140852783923036,-5.590883252706529
2026-02-13 10:00:00+00:00,-0.017802385055202707,0.025167309558274287,-4.942325481448302,-6.56092423710622,-0.7073614688126167,-8.56455805152516
2026-02-14 10:00:00+00:00,-0.012021455480135335,0.028578503918721854,-3.3628965676890776,-4.550697429279568,-0.4206467740342435,-5.668079841163756
2026-02-15 10:00:00+00:00,-0.02222603846754001,0.048122279018622316,-5.6364351627315505,-7.2466592018342615,-0.46186587420223796,-7.354124398202318
2026-02-16 10:00:00+00:00,-0.02484286650987788,0.048122279018622316,-6.107925343424667,-7.818952684408695,-0.516244596401268,-7.958630044085943
2026-02-17 10:00:00+00:00,-0.029615859814764334,0.048122279018622316,-7.369230152133121,-9.154495349267885,-0.6154292859509753,-9.259745262387012
2026-02-18 10:00:00+00:00,-0.03191156211198509,0.048122279018622316,-8.1764229743719,-10.017446598146238,-0.6631348880969662,-10.017569746981733
2026-02-19 10:00:00+00:00,-0.03756411906946866,0.05008487915787152,-9.684948263168435,-11.713316663631755,-0.750009178440135,-11.373177811449878
2026-02-20 10:00:00+00:00,-0.0395995483894771,0.05169225480382611,-10.291117008797473,-12.413546839504148,-0.7660634758487274,-11.832363302512736
2026-02-21 10:00:00+00:00,-0.0410042281640407,0.05356850140363967,-10.66357420606885,-12.853305026770458,-0.7654540838294704,-12.060747447025959
2026-02-22 10:00:00+00:00,-0.04193668467352507,0.055164781072503666,-10.89532659766851,-13.122880290396223,-0.7602075791510391,-12.176166956242344
2026-02-23 10:00:00+00:00,-0.04345120256294477,0.0555052534632936,-12.39282080996198,-14.339823438438994,-0.7828304503046662,-13.161229210684
2026-02-24 10:00:00+00:00,-0.051071052220855284,0.0555052534632936,-15.271770714088861,-17.117148782449306,-0.9201120440721756,-15.455323039414004
2026-02-25 10:00:00+00:00,-0.04444945072992068,0.045460471423192206,-14.47183706318255,-16.602695646499154,-0.9777604441480617,-15.56492555885101
2026-02-26 10:00:00+00:00,-0.03203156930338169,0.03340702638508808,-10.883192496736468,-12.833548584790272,-0.9588273117801245,-13.535575577819447
2026-02-27 10:00:00+00:00,-0.03156971780539419,0.03189717970813888,-10.667904162040871,-12.588635881822313,-0.9897338289547546,-13.565824129193137
2026-02-28 10:00:00+00:00,-0.04051891398967178,0.0407036857848907,-12.062596421120526,-13.98409544466036,-0.9954605635421963,-14.075774686096274
2026-03-01 10:00:00+00:00,-0.018566410155575586,0.03330335952720387,-6.189223642621208,-7.725573076507088,-0.5574936108295502,-8.428780627118083
2026-03-02 10:00:00+00:00,-0.0025919462077333977,0.030079322398463115,-0.644693026859947,-0.983637887348297,-0.0861703655886155,-1.2393883871062996
2026-03-03 10:00:00+00:00,0.00016668054702684287,0.025743402927200898,0.09359402912430556,0.14254730357829576,0.006474689748600621,0.1358444082164013
2026-03-04 10:00:00+00:00,0.004824486780560022,0.022871373479442125,1.1733920523502763,1.771160002571797,0.2109399675929607,2.814086275375191
2026-03-05 10:00:00+00:00,-0.015939636623908182,0.03414796272836618,-3.0451352477126594,-4.08518955362853,-0.46678148124682634,-5.554305586221959
2026-03-06 10:00:00+00:00,-0.015698131296943196,0.0400653421145043,-2.8691400783620407,-3.8218557217792335,-0.3918132347922775,-4.920495810442377
2026-03-07 10:00:00+00:00,-0.014052696956710853,0.0400653421145043,-2.5443095841314363,-3.3936801145529616,-0.35074446429408,-4.431157738762419
2026-03-08 10:00:00+00:00,-0.021657688571443456,0.04336998659511537,-3.819386098050965,-4.974355131220837,-0.4993704234596811,-6.144244585449453
2026-03-09 10:00:00+00:00,-0.02481941751533323,0.04697550922491733,-4.352234315475733,-5.657198173122607,-0.5283480248505366,-6.638346209493992
2026-03-10 10:00:00+00:00,-0.02091346794664739,0.04697550922491733,-3.582228340282222,-4.702464229326685,-0.4451993877599992,-5.661161607232794
2026-03-11 10:00:00+00:00,-0.017054866465692542,0.04697550922491733,-2.9056941316805727,-3.818338071143817,-0.3630586820045814,-4.707067209299938
2026-03-12 10:00:00+00:00,-0.022043552442329917,0.04697550922491733,-3.7733649652564734,-4.942575046913218,-0.46925627430212724,-5.923722555229346
2026-03-13 10:00:00+00:00,-0.022223418052511157,0.04697550922491733,-3.8115658535504706,-4.994329975465595,-0.47308519735477683,-5.972971491184341
2026-03-14 10:00:00+00:00,-0.009991922849204027,0.04697550922491733,-1.7522469375461704,-2.343969540579177,-0.21270493953270414,-2.934320523717206
2026-03-15 10:00:00+00:00,-0.01796920366292909,0.04719729704862152,-3.2767230400774228,-4.328649532422103,-0.38072527001742595,-5.108955779801979
2026-03-16 10:00:00+00:00,-0.037460887246472674,0.04813050019675169,-7.982302377494963,-9.534569403172682,-0.7783190927444568,-10.138038917084437
2026-03-17 10:00:00+00:00,-0.03384888495479843,0.043077441048404386,-7.678918974266856,-9.119422574044565,-0.7857682381078255,-10.07789303131732
2026-03-18 10:00:00+00:00,-0.03906336394300525,0.04003987376948914,-9.512790171057867,-11.036790219509289,-0.9756115658079819,-12.109801781228306
2026-03-19 10:00:00+00:00,-0.009659306851254379,0.01719477113370793,-3.0801224191450753,-3.9078270294494324,-0.561758384345033,-6.387928856428618
2026-03-20 10:00:00+00:00,-0.009384947436158808,0.0155254833454892,-3.3799831329052923,-4.327095245901257,-0.6044866512246478,-6.956262411237298
2026-03-21 10:00:00+00:00,-0.010207716179119086,0.01537705627035102,-3.7064574540051414,-4.732272126971011,-0.663827718365114,-7.583894920372431
2026-03-22 10:00:00+00:00,-0.0015258914333622364,0.010964837722832077,-0.6403502507188491,-0.9359979753560085,-0.13916224498105187,-1.634384528213111
2026-03-23 10:00:00+00:00,-0.004472876241757184,0.012102327180979255,-1.937510194948491,-2.793285207530065,-0.3695881110194265,-4.432860146602754
2026-03-24 10:00:00+00:00,-0.00808866142184339,0.012102327180979255,-4.018067651434049,-5.452361931239238,-0.6683558708077251,-8.116661611230349
2026-03-25 10:00:00+00:00,-0.010475683405340885,0.013244748327268296,-5.329481069039869,-7.178579714672511,-0.7909311031432391,-9.908455148541048
2026-03-26 10:00:00+00:00,-0.003963561211141053,0.012043613365128936,-2.0539282785458375,-2.864383656937558,-0.3291006686263397,-4.21205152307974
2026-03-27 10:00:00+00:00,-0.0021698607717465235,0.012043613365128936,-1.0331863391334377,-1.4414188779227266,-0.18016692382612812,-2.2580149675517416
2026-03-28 10:00:00+00:00,0.0018577372278227866,0.012043613365128936,0.8896139332260599,1.2710425570898363,0.15425081921026101,2.0102824546238582
2026-03-29 10:00:00+00:00,-0.0018695729324312849,0.012043613365128936,-0.7394223331777414,-1.0017055774807841,-0.15523355622195945,-1.8086240970676548
2026-03-30 10:00:00+00:00,-0.002497322328407381,0.012043613365128936,-0.9920894123783313,-1.3438010128048739,-0.20735656755954365,-2.4072023105102347
2026-03-31 10:00:00+00:00,0.00844365799875324,0.012043613365128936,2.9472916097458337,4.638417680948985,0.701090091716245,8.844809026779753
2026-04-01 10:00:00+00:00,0.007210673191385464,0.012043613365128936,2.265704547677634,3.3933819144143147,0.5987134402921999,7.168682382642349
2026-04-02 10:00:00+00:00,0.003962975538541524,0.012043613365128936,1.2419077992422585,1.8399944238447181,0.3290520393170308,3.814243306244495
2026-04-03 10:00:00+00:00,0.012007892009139987,0.010341665387335386,3.1277372217299138,4.775895493277131,1.1611178238125066,13.438649171041334
2026-04-04 10:00:00+00:00,0.01568764235215836,0.012045510447060814,3.6133041460384776,5.688374881811313,1.3023642643542972,15.825534511912174
2026-04-05 10:00:00+00:00,0.00890102417974492,0.019675341549065695,2.0555434102198693,3.193727802335084,0.45239490036540664,5.857046875552781
2026-04-06 10:00:00+00:00,0.013929558219959892,0.02601533689742941,3.03650159882054,4.720789819375908,0.535436395649225,7.807142649810515
2026-04-07 10:00:00+00:00,0.019676936959590607,0.02601533689742941,4.081800941810331,6.42220652309868,0.7563591060600449,11.427423756838195
2026-04-08 10:00:00+00:00,0.028621388814564552,0.02601533689742941,5.439815408838615,8.942024057259449,1.1001736755287859,17.743516243804645
2026-04-09 10:00:00+00:00,0.01750497300540199,0.02601533689742941,3.2504759023283527,5.182488434313679,0.6728712787544823,9.645743088620451
2026-04-10 10:00:00+00:00,0.018979465507890536,0.02601533689742941,3.4676449725782152,5.52770399815649,0.7295490957015401,10.546506026172672
2026-04-11 10:00:00+00:00,0.015531747450634459,0.02601533689742941,2.8656179885995146,4.566135641426297,0.5970227297794156,8.389073472100836
2026-04-12 10:00:00+00:00,0.0195161906881689,0.02601533689742941,3.645545704882,5.925515370470147,0.7501802019752936,11.01925509203683
2026-04-13 10:00:00+00:00,0.013038395143250003,0.02601533689742941,2.1938113191735846,3.156172132229533,0.5011810992360562,6.553636415671166
2026-04-14 10:00:00+00:00,-0.013094774363608397,0.03201523169156606,-1.9959938685386627,-2.667127552946936,-0.4090170107080007,-4.3908463613672435
2026-04-15 10:00:00+00:00,-0.005969357618859195,0.034456368801894066,-0.8886758478097398,-1.1943058943355236,-0.17324395536801485,-2.0026379917285135
2026-04-16 10:00:00+00:00,-0.012786293556741879,0.034456368801894066,-2.0259108575638383,-2.706022671531096,-0.37108650741046795,-4.171791423386634
2026-04-17 10:00:00+00:00,-0.018238057475020164,0.034456368801894066,-3.137258924594353,-4.098905319821458,-0.5293087492730115,-5.899227012837448
2026-04-18 10:00:00+00:00,-0.020531476333166876,0.034456368801894066,-3.8185774387914755,-4.824170857599245,-0.5958688349086355,-6.712455398534771
2026-04-19 10:00:00+00:00,-0.013908818151327162,0.034456368801894066,-2.583496153680309,-3.2748485197699684,-0.40366465286274145,-4.7485316730189995
2026-04-20 10:00:00+00:00,-0.016595847917602713,0.03609875041104582,-3.2578872807700567,-4.079372165279166,-0.45973469243756887,-5.54756642830712
2026-04-21 10:00:00+00:00,-0.018610894630276653,0.036411501207243124,-3.7527722092560327,-4.657911597225816,-0.5111268146937731,-6.179539824924721
2026-04-22 10:00:00+00:00,-0.016702754772508044,0.036411501207243124,-3.524127485372421,-4.227140342723483,-0.45872194825039136,-5.676380907222608
2026-04-23 10:00:00+00:00,-0.01897779617251938,0.03459218369445882,-3.860713037300113,-4.565517967295556,-0.5486151536469597,-6.394320975670416
2026-04-24 10:00:00+00:00,-0.02760913631750095,0.04187060151090172,-5.491438073009524,-6.396165526798371,-0.6593919198966474,-7.917753171510922
2026-04-25 10:00:00+00:00,-0.014606502920392672,0.04187060151090172,-2.636792053817565,-3.252581640721716,-0.3488486525943417,-4.374891597183286
2026-04-26 10:00:00+00:00,-0.011070403674813933,0.04187060151090172,-1.9382846658578536,-2.4097842065166772,-0.2643956206822481,-3.350310151780349
2026-04-27 10:00:00+00:00,-0.0008688657737487837,0.024906304423861436,-0.03257063492660679,-0.044679031159052224,-0.03488537516293941,-0.2975450084177023
2026-04-28 10:00:00+00:00,0.010402057214643046,0.024906304423861436,1.5254825162451204,2.18972087567705,0.41764755772748746,5.063875945843567
2026-04-29 10:00:00+00:00,0.016337647459663485,0.026626624282459654,2.1984496414364965,3.1791810007722754,0.6135831296656686,7.855093500783923
2026-04-30 10:00:00+00:00,0.006079146701790217,0.0289152972316149,0.8429073137326509,1.1798200727089447,0.21023981365626448,2.500820596677623
2026-05-01 10:00:00+00:00,0.013923816490813312,0.0289152972316149,1.682835038045319,2.3992879041548676,0.481538072366399,5.967997365554989
2026-05-02 10:00:00+00:00,-0.014360281636255245,0.04156799575218262,-1.427727934388549,-1.9490193495531263,-0.3454648552667163,-3.475229316621489
2026-05-03 10:00:00+00:00,-0.012658680540561518,0.042295981073109834,-1.2403922423124314,-1.693665399258204,-0.29928802262987164,-3.054105107828299
2026-05-04 10:00:00+00:00,-0.014234659442443731,0.04437116403140329,-1.4099686947610448,-1.925209485795098,-0.32080878996929807,-3.301706644663624
2026-05-05 10:00:00+00:00,-0.020131181985484914,0.04461055575314932,-2.0619889701575302,-2.8050294173450157,-0.45126498976789226,-4.507990544533734
2026-05-06 10:00:00+00:00,-0.030725362248349875,0.04568734108391892,-3.27464344595923,-4.417084931458132,-0.67251368802385,-6.405045307896716
2026-05-07 10:00:00+00:00,-0.01815146720888372,0.04625205988727521,-1.9219788994492168,-2.6254534983843754,-0.392446677037135,-4.08970611268759
2026-05-08 10:00:00+00:00,-0.01110105889860602,0.04625205988727521,-1.150606330231178,-1.5849240838676528,-0.24001220541660945,-2.6170032906315357
2026-05-09 10:00:00+00:00,-0.01854384747385207,0.04625205988727521,-2.0644177119017844,-2.797166970545978,-0.40093019681819236,-4.242832372104322
2026-05-10 10:00:00+00:00,-0.03064714780109523,0.04802653121280809,-3.5052907092469816,-4.705700951506241,-0.6381295302235364,-6.405793971667191
2026-05-11 10:00:00+00:00,-0.03196844338350546,0.04802653121280809,-4.637908186985468,-6.05554680867801,-0.6656413148359936,-7.382453214050981
2026-05-12 10:00:00+00:00,-0.03073037679274615,0.04517680068328345,-4.895758947419882,-6.251235852419679,-0.6802247243709129,-7.66675150473177
2026-05-13 10:00:00+00:00,-0.03534876672895659,0.04336898993085536,-6.333875836819207,-7.805143219412699,-0.8150700946762726,-9.232818775017083
2026-05-14 10:00:00+00:00,-0.015550912707728903,0.04336898993085536,-3.1268075620363764,-4.022794832399063,-0.3585721671757227,-4.867481415391462
2026-05-15 10:00:00+00:00,-0.026128174928361836,0.03448621500059057,-6.837594527832775,-7.821765106296633,-0.7576411307507767,-9.51695574165863
2026-05-16 10:00:00+00:00,-0.00046611566867005294,0.010111422055973596,-0.15414529488744388,-0.21265192424040827,-0.046097934206463326,-0.48975717889743736
2026-05-17 10:00:00+00:00,0.007462738219961906,0.010111422055973596,2.7951803537755895,4.037829021140774,0.738050313660193,8.80010121265725
2026-05-18 10:00:00+00:00,0.013482979099123105,0.010111422055973596,4.856842195320723,7.187902650424375,1.3334404423517927,16.730850271282538
2026-05-19 10:00:00+00:00,0.01617385037983432,0.010111422055973596,5.703528956471137,8.498315461167014,1.5995623850236953,20.520055228264088
2026-05-20 10:00:00+00:00,0.021168322276398532,0.010111422055973596,6.576010224968858,10.102798501768124,2.0935059538823992,27.570395095819556
2026-05-21 10:00:00+00:00,0.03952855163157665,0.010111422055973596,9.422881521242845,14.326286697165669,3.909296972548395,60.40691494791952
2026-05-22 10:00:00+00:00,0.043605404043564056,0.010111422055973596,8.770931554320812,13.310156174579705,4.312489756849086,68.56297098463321
2026-05-23 10:00:00+00:00,0.05258744015619099,0.009875357651241035,8.786951758783339,13.403843536488122,5.32511753127061,93.1958823682719
2026-05-24 10:00:00+00:00,0.049099977485223656,0.01938089164419554,8.083188240174364,12.215288836466287,2.533422011052252,45.84179164177388
2026-05-25 10:00:00+00:00,0.04374496593158339,0.02409436273260479,6.894220796209491,10.259961054872456,1.8155684969574712,31.739113999996906
2026-05-26 10:00:00+00:00,0.04265096906910082,0.026040559257018203,6.586929982115572,9.80579104721922,1.6378668617727914,28.605731743087194
2026-05-27 10:00:00+00:00,0.04941563121627124,0.026040559257018203,7.427206217305568,11.196206664501501,1.8976409349946357,35.699951698798856
2026-05-28 10:00:00+00:00,0.035277711755486996,0.026040559257018203,5.256692239410505,7.769079507106994,1.3547217403166671,21.61039216907123
2026-05-29 10:00:00+00:00,0.03396787675022295,0.026040559257018203,4.947853696437546,7.171978992777378,1.304421937139013,20.35531557119094
2026-05-30 10:00:00+00:00,0.03576856517679006,0.026040559257018203,5.202169968002399,7.536081421842947,1.3735713132639444,21.854563150353925
2026-05-31 10:00:00+00:00,0.025393106476515825,0.026040559257018203,3.784749433897537,5.450742865273814,0.975136755930928,13.946524081301728
2026-06-01 10:00:00+00:00,0.021903749931321936,0.026040559257018203,3.301015205886145,4.7345892369348155,0.8411397664364157,11.631277367695725
2026-06-02 10:00:00+00:00,0.017888860927262717,0.028759456990245735,2.7210968558793525,3.8943430172868054,0.6220166442408851,8.504227738747371
2026-06-03 10:00:00+00:00,0.0161510692001392,0.028759456990245735,2.524653755852481,3.5848923957394083,0.5615915907458584,7.599916243455571
2026-06-04 10:00:00+00:00,-0.0016342282155880072,0.028759456990245735,-0.19322971257488986,-0.2716925144995832,-0.056824028914811704,-0.602104278144572
2026-06-05 10:00:00+00:00,-0.003026384720185016,0.028759456990245735,-0.4871138524525541,-0.6763925308608782,-0.10523094094618915,-1.2092676145390278
2026-06-06 10:00:00+00:00,-0.01805111389417524,0.02475268592472757,-4.194015437026053,-5.451079209845417,-0.7292587943412817,-8.020730369201752
2026-06-07 10:00:00+00:00,-0.005403419975560597,0.019517679399123522,-1.3066868363293105,-1.7572370977812344,-0.27684746045184283,-3.1197379885811185
2026-06-08 10:00:00+00:00,-0.0021081385872430136,0.019517679399123522,-0.564646255811819,-0.7666527053212366,-0.10801174382122926,-1.2989084833815951
2026-06-09 10:00:00+00:00,0.002040435505680227,0.019517679399123522,0.6825027599526896,0.9202844046813039,0.10454293586623094,1.411800932201585
2026-06-10 10:00:00+00:00,-0.007065551508809054,0.019517679399123522,-2.4440928045623944,-3.0530445644255937,-0.36200776559155623,-4.5487357591927635
2026-06-11 10:00:00+00:00,0.0027006285849704437,0.012448194638361554,1.048295755222844,1.3747751623493236,0.2169494182431826,2.6199634374850613
2026-06-12 10:00:00+00:00,0.00967005429472012,0.01018470214768008,3.029653785331321,4.700988565100842,0.9494685415933162,11.189619604913673
2026-06-13 10:00:00+00:00,0.00493589414718465,0.01084394633141783,1.529518066701496,2.281573299629026,0.4551750807622531,5.160864448826771
2026-06-14 10:00:00+00:00,0.007624730297134619,0.012700971629928781,2.2875563305881044,3.4335183697924623,0.6003265355831184,7.232585739182521
2026-06-15 10:00:00+00:00,0.009740007775970838,0.012700971629928781,2.8407236757790177,4.264663306707042,0.7668710756757634,9.349049462282181
2026-06-16 10:00:00+00:00,0.012478412911107295,0.013238735933183476,3.5137399101809077,5.22634237237309,0.9425683066787065,11.794349968762798
2026-06-17 10:00:00+00:00,0.012794776715955969,0.013238735933183476,3.540754952441907,5.29070071745537,0.9664651353823968,12.084267059394744
2026-06-18 10:00:00+00:00,0.0053551229076171936,0.013238735933183476,1.4602124741341582,2.1088251458892153,0.40450409575693264,4.667195107356967
2026-06-19 10:00:00+00:00,-0.0029318336743324735,0.016978185278675895,-0.7238225599714051,-1.0226377506007556,-0.17268239368401586,-1.9283341656106057
2026-06-20 10:00:00+00:00,-0.0034143710120697612,0.018022193630321537,-0.8512833349648805,-1.2017065681297252,-0.18945368594449202,-2.156146637444994
2026-06-21 10:00:00+00:00,-0.005748223622116133,0.019641688691468873,-1.4731882090243027,-2.0740072140190424,-0.2926542474228707,-3.4029560057638273
2026-06-22 10:00:00+00:00,-0.004487077727008293,0.02076114558310793,-1.1305606039108602,-1.5953410979333191,-0.21612861915766113,-2.5759908986332105
2026-06-23 10:00:00+00:00,-0.007622809532856989,0.02274993486558663,-1.9011214082596433,-2.6851807972450126,-0.33506951021595494,-4.029367538040334
2026-06-24 10:00:00+00:00,-0.01512569551719023,0.026910815650839526,-3.639735069544757,-4.981694116861994,-0.5620675238328705,-6.740104419850923
2026-06-25 10:00:00+00:00,-0.016538432794692026,0.02834426533741341,-4.088623898727981,-5.55770038520751,-0.5834842638472584,-7.18160465054588
2026-06-26 10:00:00+00:00,-0.011483113419233026,0.024491227653871905,-3.3964240650675324,-4.469793124818609,-0.4688663868353541,-5.991733202370446
2026-06-27 10:00:00+00:00,-0.00797121651533228,0.023659927153474425,-2.354055868372514,-3.1416563809017304,-0.3369079060821081,-4.350761750389109
2026-06-28 10:00:00+00:00,-0.01149127557835139,0.023659927153474425,-3.333578274468263,-4.382842759454417,-0.4856851630950146,-6.052021244068899
2026-06-29 10:00:00+00:00,-0.014474952558374055,0.023659927153474425,-4.095664082959896,-5.315199544027661,-0.6117919325989315,-7.364530523839866
2026-06-30 10:00:00+00:00,-0.015911387411066014,0.023659927153474425,-4.536753874002952,-5.922795763080826,-0.6725036517591074,-8.06340260553155
2026-07-01 10:00:00+00:00,-0.012134081718196188,0.023493907730234853,-3.259453765203604,-4.440724519452603,-0.5164777974581282,-6.235112803067835
2026-07-02 10:00:00+00:00,-0.007965514196041856,0.017240691390091878,-2.0277733185270765,-2.842235367015433,-0.46201825760999293,-5.020073347758537
2026-07-03 10:00:00+00:00,-0.011216519418715376,0.01902134890429752,-2.7226787851076404,-3.7292780803426755,-0.5896805465873776,-6.326927410342993
2026-07-04 10:00:00+00:00,-0.007600790949852221,0.01902134890429752,-1.8089477900219606,-2.4933033016104003,-0.3995926360477497,-4.384991286912977
2026-07-05 10:00:00+00:00,-0.0033665096440177456,0.01902134890429752,-0.7668101687633619,-1.059429301463989,-0.1769858521052177,-1.981225877973333
2026-07-06 10:00:00+00:00,-0.003627506341841391,0.01902134890429752,-0.8296190823101783,-1.1443230362909964,-0.1907071028501992,-2.132322315875225
2026-07-07 10:00:00+00:00,0.003135455221649819,0.01902134890429752,0.8065760411174856,1.1266775986843098,0.16483874184871405,2.0338917287892198
2026-07-08 10:00:00+00:00,0.008845822312779417,0.01902134890429752,2.227881144794464,3.181794257668164,0.4650470561938364,6.011900799057615
2026-07-09 10:00:00+00:00,0.006383055448235142,0.01902134890429752,1.599493153050317,2.284378382734177,0.33557322776372656,4.239440362199656
2026-07-10 10:00:00+00:00,-0.009378322671622308,0.01902134890429752,-2.2374617054606123,-3.0652579948362826,-0.4930419350808212,-5.332616856610024
2026-07-11 10:00:00+00:00,-0.013886269702518605,0.022534335715619802,-3.4260655771887465,-4.715354943730306,-0.6162271600885603,-6.981171116153544
2026-07-12 10:00:00+00:00,-0.007903677873148829,0.022534335715619802,-1.969873591567248,-2.742118321280899,-0.35073933276277364,-4.175770178578271
2026-07-13 10:00:00+00:00,0.00561696084267127,0.022534335715619802,1.4312738108321632,2.135862304699212,0.24926232188765352,3.376982506843535
2026-07-14 10:00:00+00:00,-0.013617206647043245,0.026423015526667037,-2.822794684262692,-3.6612859653022722,-0.5153539963408144,-5.723706284175631
2026-07-15 10:00:00+00:00,-0.019744640018094284,0.026876399307338317,-4.318771116941104,-5.422696785124336,-0.7346460287447515,-7.990231417663196
2026-07-16 10:00:00+00:00,-0.018556359071539852,0.02347025410442871,-4.314658437302744,-5.335711141157537,-0.7906330706508357,-8.3671017859849
2026-07-17 10:00:00+00:00,-0.011499869232859061,0.026621652910797877,-2.772131810292231,-3.4820295213246837,-0.43197427565418584,-5.158150489124104
2026-07-18 10:00:00+00:00,-0.020037144462575762,0.031218613406649887,-4.835403489681364,-6.003000445221556,-0.6418332615089062,-7.792168975923294
2026-07-19 10:00:00+00:00,-0.023727135029224078,0.03432110968315372,-5.7350114620384485,-7.110028900746459,-0.6913277352704706,-8.631727955441121
2026-07-20 10:00:00+00:00,-0.020351825193265283,0.03432110968315372,-4.912145151157663,-6.100678643287932,-0.5929827264080229,-7.541069655264918
2026-07-21 10:00:00+00:00,-0.028266260569568602,0.03432110968315372,-7.139803377789744,-8.632395974922417,-0.823582361716087,-10.196833955740713
2026-07-22 10:00:00+00:00,-0.024004343633885705,0.03312613656889052,-6.1383352846984875,-7.4958888700549675,-0.7246345671480662,-9.089507464216442
2026-07-23 10:00:00+00:00,-0.024078312992385054,0.03218451875125383,-6.315557670426089,-7.624840837648969,-0.7481333860692579,-9.328352515693359
2026-07-24 10:00:00+00:00,-0.01664521455812429,0.03218451875125383,-4.459065306362306,-5.397220676884392,-0.5171807814425011,-6.8003101739278256
2026-07-25 10:00:00+00:00,-0.011701356421889741,0.03218451875125383,-3.144969605484531,-3.8274059050758122,-0.36357096131611055,-4.937629021490199
2026-07-26 10:00:00+00:00,-0.012930882077214267,0.03218451875125383,-3.473377887618196,-4.244490832051663,-0.4017733549833027,-5.42199263130109
2026-07-27 10:00:00+00:00,-0.021876951242771114,0.03104828230818435,-6.445996383601896,-7.361813663150946,-0.7046106778346425,-9.113038728108553
2026-07-28 10:00:00+00:00,-0.0023032558905486944,0.012452049079847649,-0.9637801523778836,-1.3293436605435345,-0.18497002989461994,-2.2265918358333177
2026-07-29 10:00:00+00:00,-0.0001156195293897655,0.012452049079847649,-0.014745433305702271,-0.020570677613563498,-0.00928518098895737,-0.08517012010511694
2026-07-30 10:00:00+00:00,-0.0023470593004367712,0.011818591246799848,-0.8934640473614556,-1.2263998433263226,-0.19859044546212654,-2.2670091005868076
2026-07-31 10:00:00+00:00,-0.001953676451906805,0.009251189827191975,-0.762330607223793,-1.049533619788422,-0.21118110085303557,-2.2604253018527234
2026-08-01 10:00:00+00:00,0.005641046858474219,0.006202026352835288,2.452936612202363,3.509253294371142,0.9095489985938846,9.780145791508916
2026-08-02 10:00:00+00:00,0.004466619700288943,0.006202026352835288,1.9746633775123068,2.820418513991494,0.7201871527435553,7.680457921394596
2026-08-03 10:00:00+00:00,0.0003580713399986557,0.006944950516580506,0.18755391332495766,0.2663208512638879,0.05155851566455217,0.5678710841037179
2026-08-04 10:00:00+00:00,-0.0021550938776982997,0.01040144247008501,-0.9416855655281507,-1.3320758970271305,-0.20719182785430398,-2.3928400114230453
2026-08-05 10:00:00+00:00,-0.004921090603952738,0.011275242843268862,-2.2674924183492,-3.117463907911141,-0.4364509636163224,-5.1384003609497295
2026-08-06 10:00:00+00:00,0.05453507090666809,0.01410821058849121,8.378364891297174,19.62694119696827,3.8654846101570914,73.99529661834559
2026-08-07 10:00:00+00:00,0.12227224012442295,0.014969509890773725,11.142987925967713,26.93839815101308,8.168085730033416,399.6288707741656
2026-08-08 10:00:00+00:00,0.14212208579361763,0.03474737792339244,10.193099298006368,18.359829325626478,4.090152819788424,277.7288654876076
2026-08-09 10:00:00+00:00,0.13827514643602856,0.04240896348060996,9.660675990249528,17.051279212510792,3.2605170012997395,209.7112397118336
2026-08-10 10:00:00+00:00,0.1462709496331669,0.04240896348060996,9.950227309181887,17.32567399401916,3.449057407405023,251.36507859566763
2026-08-11 10:00:00+00:00,0.15784911626317033,0.04240896348060996,10.386027810002226,18.01963142034311,3.722069659527081,326.21906267236795
2026-08-12 10:00:00+00:00,0.14952975661888246,0.04240896348060996,9.727467677325043,16.719028120577963,3.5258998180243144,270.1479114327782
2026-08-13 10:00:00+00:00,0.1653432187169801,0.04240896348060996,10.468000212906475,17.962400305224822,3.8987800018403562,385.38081369861027
2026-08-14 10:00:00+00:00,0.16910578043500135,0.04240896348060996,10.605685626343586,18.13207950648634,3.9875009091490563,418.99287067841584
2026-08-15 10:00:00+00:00,0.14950923142088857,0.04240896348060996,9.370391163232766,15.782098521150498,3.525415835481254,269.54146573157414
2026-08-16 10:00:00+00:00,0.15645831324474635,0.04240896348060996,9.759810957496784,16.442673217540108,3.6892746345069605,315.4368643105684
2026-08-17 10:00:00+00:00,0.15732065444109145,0.04240896348060996,9.707289631169434,16.239267431684972,3.70960857161767,321.48204962418805
2026-08-18 10:00:00+00:00,0.1588682269490127,0.04240896348060996,9.75321100119155,16.29754847843116,3.746100208783686,332.8340586420696
2026-08-19 10:00:00+00:00,0.14725376973030602,0.04240896348060996,9.073842416379252,15.125324641134007,3.472232227454291,255.8375994976247
2026-08-20 10:00:00+00:00,0.08893849368575513,0.04240896348060996,6.139488609969074,9.750960294091936,2.097162637007603,63.89020763207382
2026-08-21 10:00:00+00:00,0.03066787369233781,0.04240896348060996,2.740368445296906,3.829779164393905,0.7231460327097983,10.828523370015814
2026-08-22 10:00:00+00:00,0.016829925535506884,0.031740225575279335,2.0914867773047603,2.980353295684749,0.5302396322165637,6.9723111644527584
2026-08-23 10:00:00+00:00,0.020697047313279704,0.031740225575279335,2.7269202646309387,3.9272398644070488,0.6520762514491851,9.060956206632236
2026-08-24 10:00:00+00:00,0.0035979905392444778,0.031740225575279335,0.5876990749015223,0.8393626716703421,0.11335743442374112,1.4398401180242668
2026-08-25 10:00:00+00:00,-0.008009562975125784,0.031740225575279335,-1.1023311586783173,-1.508873162140469,-0.2523473866349576,-2.72196127053187
2026-08-26 10:00:00+00:00,-0.0019801298330791584,0.031740225575279335,-0.21007275661416794,-0.28988613733448654,-0.06238549969920092,-0.6549983630939373
2026-08-27 10:00:00+00:00,-0.027560043434398773,0.036846097785461884,-4.336693863058086,-5.688416364545836,-0.7479772646446418,-7.78922775070987
2026-08-28 10:00:00+00:00,-0.03321673462792085,0.03965657202882489,-5.17925339315092,-6.584134210231537,-0.8376098318275428,-8.616818056443549
2026-08-29 10:00:00+00:00,-0.008471690812940191,0.0374024421690039,-1.25997081736404,-1.7169245942812317,-0.22650100693052708,-2.660371496792662
2026-08-30 10:00:00+00:00,-0.016030849912036182,0.0374024421690039,-2.487009402343846,-3.368680824719209,-0.42860436330869445,-4.851379425757967
2026-08-31 10:00:00+00:00,-0.014557509185755824,0.0374024421690039,-2.419554772442784,-3.2940106361285952,-0.3892127984578478,-4.59191275676829
2026-09-01 10:00:00+00:00,-0.019729669969762664,0.0374024421690039,-3.3987695411943997,-4.578231160097399,-0.5274968377897261,-6.100943385503231
2026-09-02 10:00:00+00:00,-0.019020620593922732,0.040787065243641285,-3.1961193994864545,-4.231799851540859,-0.46633952406977974,-5.548625013092616
2026-09-03 10:00:00+00:00,-0.022898266823728752,0.04106279804774493,-3.9175541402840715,-5.151901021197025,-0.5576401977552592,-6.548089550656751
2026-09-04 10:00:00+00:00,-0.024337443546710635,0.04106279804774493,-4.22894629702666,-5.504031758079571,-0.5926883871482106,-6.932926450826743
2026-09-05 10:00:00+00:00,-0.02008256752211257,0.04106279804774493,-3.4065523900294177,-4.532428278976931,-0.4890696318054599,-5.835851654512506
2026-09-06 10:00:00+00:00,-0.035231205700235524,0.038130189991981145,-5.825885981865335,-7.468446033083944,-0.9239714175996688,-9.514450553859982
2026-09-07 10:00:00+00:00,0.0009513644402228127,0.035567756619077184,0.22905626891326974,0.3233740470459998,0.026747946192157007,0.40978781219499705
2026-09-08 10:00:00+00:00,0.008742575988566648,0.035567756619077184,1.3767416169580036,2.003608779025117,0.2458006019946016,3.3632295228414035
2026-09-09 10:00:00+00:00,0.009531995429492124,0.033259121713592465,1.5321330963326647,2.1991883089998003,0.2865979297822694,3.8704320224724347
2026-09-10 10:00:00+00:00,0.0036617745356903875,0.031938992513445674,0.6128171430481161,0.8302581601207873,0.11464903077793873,1.4550650369952092
2026-09-11 10:00:00+00:00,0.024301714988189893,0.031938992513445674,3.509980555260332,5.057923442105703,0.7608791973622637,11.249151357275508
2026-09-12 10:00:00+00:00,0.01125401800364223,0.031938992513445674,1.6803268451112292,2.343405284222824,0.3523598309779031,4.623725749160708
2026-09-13 10:00:00+00:00,0.021802626386484114,0.031938992513445674,3.0569261104566077,4.340834198599327,0.6826335044007931,9.742564249527252
2026-09-14 10:00:00+00:00,0.0004378293323341609,0.032276781232371765,0.15672326901042857,0.21673832437801918,0.013564838735996485,0.24039308912689422
2026-09-15 10:00:00+00:00,0.012199670948191743,0.033110671398563274,1.633224821905046,2.261139276530541,0.3684513310328436,4.763307190117368
2026-09-16 10:00:00+00:00,0.021370383330423515,0.033110671398563274,2.7665887922094505,3.8795128121068583,0.6454228328136774,9.045655276071706
2026-09-17 10:00:00+00:00,0.01816154404368442,0.033110671398563274,2.3106376034821023,3.2266272143520327,0.5485102921975927,7.409220898602058
