ts,nav
2026-10-04T12:00Z,99916.6
2026-10-04T13:00Z,100021.84
2026-10-04T14:00Z,99952.34
2026-10-04T15:00Z,99988.1
2026-10-04T16:00Z,100056.36
2026-10-04T17:00Z,99998.29
2026-10-04T18:00Z,100025.57
2026-10-04T19:00Z,100021.2
2026-10-04T20:00Z,100184.16
2026-10-04T21:00Z,100183.61
2026-10-04T22:00Z,100513.48
2026-10-04T23:00Z,100498.97
2026-10-05T00:00Z,100524.91
2026-10-05T01:00Z,100563.09
2026-10-05T02:00Z,100683.59
2026-10-05T03:00Z,100265.97
2026-10-05T04:00Z,99869.51
2026-10-05T05:00Z,99985.84
2026-10-05T06:00Z,100407.57
2026-10-05T07:00Z,100379.1
2026-10-05T08:00Z,100206.97
2026-10-05T09:00Z,100046.47
2026-10-05T10:00Z,100165.07
2026-10-05T11:00Z,100237.95
2026-10-05T12:00Z,99987.84
2026-10-05T13:00Z,100272.56
2026-10-05T14:00Z,99740.14
2026-10-05T15:00Z,99576.61
2026-10-05T16:00Z,99603.26
2026-10-05T17:00Z,99706.52
2026-10-05T18:00Z,99845.09
2026-10-05T19:00Z,99844.67
2026-10-05T20:00Z,99974.88
2026-10-05T21:00Z,100042.02
2026-10-05T22:00Z,100080.3
2026-10-05T23:00Z,99955.01
2026-10-06T00:00Z,100002.66
2026-10-06T01:00Z,99769.67
2026-10-06T02:00Z,99629.64
2026-10-06T03:00Z,99589.88
2026-10-06T04:00Z,99664.1
2026-10-06T05:00Z,99583.02
2026-10-06T06:00Z,99483.56
2026-10-06T07:00Z,99666.39
2026-10-06T08:00Z,99896.79
2026-10-06T09:00Z,99776.05
2026-10-06T10:00Z,99980.45
2026-10-06T11:00Z,99993.63
