param,value,ret,sharpe,mdd,fees
gate_lookbacks,x0.75,-0.06963849794647148,-0.5172466830531564,0.12556674004091994,11015.921191161418
gate_lookbacks,x1.25,0.0057021873223142006,0.09200071623780491,0.12494243756951351,7956.392983057838
vol_halflife,36,-0.011082422729284724,-0.050131578050311536,0.1313495782409433,8542.29412707352
vol_halflife,144,0.007506729329298301,0.10606339736354216,0.1260812381653943,8628.449228764575
target_vol_ann,0.2,0.03125760998892768,0.3255535514986147,0.10399583440534943,8294.531759578012
target_vol_ann,0.4,-0.04348505649605272,-0.3119487264792719,0.14661274174162298,8776.297460681866
short_scale,0.0,0.059749006331470955,0.4642782644181628,0.1213184215127745,5106.959842250079
short_scale,1.0,-0.06969235762717185,-0.5497177046500139,0.13510043050906917,10203.935800410101
band_abs,0.015,-0.008279832387943942,-0.022048415123927762,0.1392571793282329,9845.862793871755
band_abs,0.06,0.013963383194760315,0.16756470653682926,0.10532882712578251,6401.583883694174
dd_soft,0.02,0.008978431663726916,0.11871805344215257,0.12823582873852346,8595.896893189487
dd_soft,0.05,-0.006547632010308613,-0.0037619439288660494,0.13268069525016868,8871.762450396098
use_maker,False,-0.014653444086065281,-0.08011575049738091,0.13253239420321572,10999.048737563493
